City_ID,City,Country,Max Temp,Current Description,Lat,Lng,Hotel Name
2,Atherton,GB,62.74,overcast clouds,53.5237,-2.4935,The Mercury Motel
3,Buta,CD,70.27,light rain,2.7858,24.73,H√¥tel BOPANDO
4,Cape Town,ZA,57.38,clear sky,-33.9258,18.4232,"Radisson Blu Hotel Waterfront, Cape Town"
7,Odweyne,SO,70.21,scattered clouds,9.4092,45.064,Eng Hiirey House
8,Barcelos,PT,68.92,broken clouds,41.5388,-8.6151,Hotel Restaurante Bagoeira
9,Ribeira Grande,PT,73.45,broken clouds,38.5167,-28.7,Quinta da Meia Eira
10,Bambous Virieux,MU,69.22,scattered clouds,-20.3428,57.7575,Casa Tia Villa
13,Navirai,BR,71.49,few clouds,-23.065,-54.1906,Dubai Hotel - Tamb√©m sua casa!
14,Rikitea,PF,74.1,light rain,-23.1203,-134.9692,People ThankYou
15,Bethel,US,90.36,scattered clouds,41.3712,-73.414,Courtyard by Marriott Danbury
18,Faanui,PF,77.54,light rain,-16.4833,-151.75,Bora-Bora Pearl Beach Resort & Spa
19,Karratha,AU,68.0,clear sky,-20.7377,116.8463,ibis Styles Karratha
20,Vaini,TO,77.16,scattered clouds,-21.2,-175.2,Keleti Beach Resort
21,Castro,BR,59.68,broken clouds,-24.7911,-50.0119,CHACARA BAILLY
22,Zapolyarnyy,RU,61.88,overcast clouds,69.4154,30.8136,Pechenga
23,Butaritari,KI,81.48,broken clouds,3.0707,172.7902,Isles Sunset Lodge
24,Daoukro,CI,69.06,broken clouds,7.0591,-3.9631,Komenan brou roseline
25,Kashi,CN,79.81,dust,39.4547,75.9797,Â∏ïÁ±≥Â∞îÈùíÂπ¥ÊóÖËàç
26,Acarau,BR,78.82,scattered clouds,-2.8856,-40.12,castelo pizzaria
27,Harper,LR,75.2,overcast clouds,4.375,-7.7169,Screensaver
28,Avarua,CK,73.45,broken clouds,-21.2078,-159.775,Paradise Inn
29,Arraial Do Cabo,BR,69.66,clear sky,-22.9661,-42.0278,Pousada Porto Praia
30,Kloulklubed,PW,82.44,overcast clouds,7.0419,134.2556,Storyboard Beach Resort
31,Tura,IN,74.21,light rain,25.5198,90.2201,Hotel RIKMAN Continental
32,Khatanga,RU,52.95,overcast clouds,71.9667,102.5,"""Khatanga"""
33,Georgetown,MY,82.89,few clouds,5.4112,100.3354,Cititel Penang
34,Pochutla,MX,86.83,overcast clouds,15.7432,-96.4661,Hotel Posada San Jose
36,Victoria,HK,87.33,clear sky,22.2855,114.1577,Mini Central
40,Kapaa,US,82.11,scattered clouds,22.0752,-159.319,Sheraton Kauai Coconut Beach Resort
41,Dubbo,AU,50.13,scattered clouds,-32.25,148.6167,Quality Inn Dubbo International
43,Quatre Cocos,MU,69.1,overcast clouds,-20.2078,57.7625,Sunrise Attitude Hotel
44,Busselton,AU,58.48,broken clouds,-33.65,115.3333,Observatory Guest House
45,Fortuna,US,69.93,scattered clouds,40.5982,-124.1573,Super 8 by Wyndham Fortuna
47,Samarai,PG,81.16,few clouds,-10.6167,150.6667,Nuli Sapi
49,Souillac,MU,68.38,scattered clouds,-20.5167,57.5167,Shanti Maurice Resort & Spa
51,Ahipara,NZ,58.42,broken clouds,-35.1667,173.1667,Ahipara Holiday Park
53,Vila Velha,BR,73.35,broken clouds,-20.3297,-40.2925,Hotel Vit√≥ria Palace
56,Pisco,PE,62.65,overcast clouds,-13.7,-76.2167,Hotel San Isidro Oficial
57,Labuhan,ID,75.18,overcast clouds,-6.8844,112.2051,DoubleFAG
59,Heihe,CN,66.78,overcast clouds,50.2441,127.4902,Hotel Strannik
60,Carutapera,BR,76.06,broken clouds,-1.195,-46.02,Lidera
61,Honningsvag,NO,53.35,overcast clouds,70.9821,25.9704,Nordkapp Vandrerhjem
62,Jamestown,US,82.06,clear sky,42.097,-79.2353,Hampton Inn & Suites Jamestown
64,Constitucion,CL,53.17,scattered clouds,-35.3333,-72.4167,Hotel Boutique Las Azucenas
66,Sao Filipe,CV,74.79,overcast clouds,14.8961,-24.4956,Hotel Xaguate
67,Tabas,IR,89.8,clear sky,33.5959,56.9244,ÿ¥ÿ±⁄©ÿ™ ŸÖÿπŸÖÿßÿ±€å ŸÖŸáÿ±ÿßÿ≤ ÿ¥ÿß€å⁄ØÿßŸÜ ÿ¢ÿ±ÿßÿØ
69,Thompson,CA,66.36,broken clouds,55.7435,-97.8558,Burntwood Hotel
70,Hasaki,JP,84.29,broken clouds,35.7333,140.8333,Inubosaki Kanko Hotel
71,Pali,IN,82.96,overcast clouds,25.7667,73.3333,HOTEL THE AMBA VILAS
72,Port Alfred,ZA,57.18,clear sky,-33.5906,26.891,The Halyards Hotel
73,Coquimbo,CL,55.13,overcast clouds,-29.9533,-71.3436,Hotel San Juan
74,Ornskoldsvik,SE,63.55,light intensity drizzle,63.2909,18.7153,„Éï„Ç°„Éº„Çπ„Éà„Éõ„ÉÜ„É´ „Çπ„Çø„ÉÉ„Éà
75,Carnarvon,AU,60.28,scattered clouds,-24.8667,113.6333,Hospitality Carnarvon
76,Bandarbeyla,SO,76.44,few clouds,9.4942,50.8122,JABIR HOTEL
77,Hulan Ergi,CN,76.8,clear sky,47.2042,123.6333,Qiqihaer Zhongtian Hotel
78,Ivdel,RU,59.61,overcast clouds,60.6911,60.4206,Ivdel'
79,Asfi,MA,79.43,overcast clouds,32.2994,-9.2372,H√¥tel Abda
82,Portland,US,89.26,few clouds,45.5234,-122.6762,Embassy Suites by Hilton Portland Downtown
84,Mar Del Plata,AR,51.1,clear sky,-38.0023,-57.5575,Gran Hotel Mar del Plata
86,Rawlins,US,89.35,clear sky,41.7911,-107.2387,"Holiday Inn Express Rawlins, an IHG Hotel"
87,Mandalgovi,MN,59.14,overcast clouds,45.7625,106.2708,–í.–ì–∞–Ω–±–∞—Ç
90,Hongjiang,CN,77.94,scattered clouds,27.11,109.9956,Ê¥™Ê±üÂ§ßÈÖíÂ∫ó
91,Hilo,US,84.27,light rain,19.7297,-155.09,Hilo Hawaiian Hotel
93,Nouadhibou,MR,75.18,few clouds,20.931,-17.0347,El Medina
94,Soimi,RO,67.8,clear sky,46.6833,22.1167,Casa Ofe
95,Hermanus,ZA,52.9,overcast clouds,-34.4187,19.2345,Misty Waves Boutique Hotel
96,Kushmurun,KZ,60.57,clear sky,52.4503,64.6311,Gostinitsa Pri Depo
97,Sorland,NO,51.66,light rain,67.667,12.6934,Sjybrygga fiskecamp
98,Nikolskoye,RU,65.8,clear sky,59.7035,30.7861,Tourist House - Sablino
99,Saint-Philippe,RE,65.21,light rain,-21.3585,55.7679,"Chambres d'h√¥te ""La Trinit√©"""
100,Yellowknife,CA,70.32,broken clouds,62.456,-114.3525,The Explorer Hotel
102,Giyon,ET,55.42,broken clouds,8.5333,37.9833,Negash Lodge
103,Mykhaylivka,UA,63.77,clear sky,47.2724,35.2224,Hotel π
104,Lorengau,PG,83.59,overcast clouds,-2.0226,147.2712,Lorengau Harbourside Hotel
105,Atuona,PF,77.31,few clouds,-9.8,-139.0333,Villa Enata
106,Pitimbu,BR,73.99,overcast clouds,-7.4706,-34.8086,Reserva do Abia√≠
107,Port Blair,IN,78.84,mist,11.6667,92.75,"Welcomhotel By ITC Hotels, Bay Island, Port Blair"
108,Ewa Beach,US,83.98,scattered clouds,21.3156,-158.0072,Base Lodging
109,Hithadhoo,MV,79.95,very heavy rain,-0.6,73.0833,Scoop Guest House
110,Coos Bay,US,75.31,scattered clouds,43.3665,-124.2179,Best Western Holiday Hotel
111,Port Hawkesbury,CA,79.92,clear sky,45.6169,-61.3485,MacKenzie House Tourist Home B&B
112,Majene,ID,77.25,overcast clouds,-3.5403,118.9707,Kost Putri RABBANI
113,Ondjiva,AO,55.29,clear sky,-17.0667,15.7333,COMBUESA
116,Mana,GF,78.28,few clouds,5.6592,-53.7767,LE SAMANA
119,Kavaratti,IN,81.12,overcast clouds,10.5669,72.642,Green leaf
121,Bambanglipuro,ID,75.2,overcast clouds,-7.95,110.2833,Puri Brata
122,Aklavik,CA,66.2,broken clouds,68.2191,-135.0107,Aklavik Inn
123,Tomari,RU,60.82,overcast clouds,47.7658,142.0683,Vostochnaya
124,Plettenberg Bay,ZA,54.95,broken clouds,-34.0527,23.3716,Thanda Vista B&B
126,Nieuw Nickerie,SR,79.47,scattered clouds,5.95,-56.9833,Ishwardat Inn
127,Malabo,GQ,73.26,broken clouds,3.75,8.7833,Magno Suites Exclusive Hotel & Restaurant
128,Dingle,PH,79.75,overcast clouds,10.9995,122.6711,SEGAYA PROPERTY
129,Doha,QA,93.51,clear sky,25.2867,51.5333,Doha Marriott Hotel
130,Ponta Do Sol,PT,71.71,clear sky,32.6667,-17.1,Hotel do Campo
133,Charters Towers,AU,61.84,clear sky,-20.1,146.2667,Cattleman's Rest Motor Inn
134,Sioux Lookout,CA,77.07,scattered clouds,50.1001,-91.917,Knobby's Fly-In Camps
135,Chumikan,RU,54.28,overcast clouds,54.7183,135.315,Fortuna
136,Porto Novo,BJ,78.62,scattered clouds,6.4965,2.6036,Tour Eiffel Hotel Benin
137,East London,ZA,58.82,clear sky,-33.0153,27.9116,Tu Casa
138,Hamilton,US,89.44,clear sky,39.1834,-84.5333,Six Acres Bed & Breakfast
139,Livny,RU,55.42,broken clouds,52.4253,37.6069,Gostinitsa Livny Tsentral'naya
140,Margate,GB,64.9,few clouds,51.3813,1.3862,Premier Inn Margate hotel
141,Acapulco,MX,85.46,overcast clouds,16.8634,-99.8901,HS Hotsson Smart Acapulco
144,Los Llanos De Aridane,ES,67.75,clear sky,28.6585,-17.9182,Valle Aridane
146,Esperanza,DO,81.3,clear sky,19.5847,-70.9849,Caba√±as Bernard - Alojamientos Tur√≠sticos
147,Mindelo,CV,76.55,scattered clouds,16.8901,-24.9804,Hotel Gaudi
148,Bathsheba,BB,83.01,few clouds,13.2167,-59.5167,Atlantis Hotel
149,Chernyshevskiy,RU,61.9,broken clouds,63.0128,112.4714,Chernyseyskiy
150,Mehamn,NO,58.91,overcast clouds,71.0357,27.8492,Mehamn Arctic Hotel AS
152,Padang,ID,75.25,overcast clouds,-0.9492,100.3543,Mercure Padang
153,Kahului,US,81.97,scattered clouds,20.8947,-156.47,Maui Seaside Hotel
154,Caravelas,BR,70.88,clear sky,-17.7125,-39.2481,Pousada dos Navegantes
155,Ashland,US,83.26,clear sky,40.8167,-82.2665,SureStay
156,Salalah,OM,76.57,broken clouds,17.0151,54.0924,"HAMDAN PLAZA HOTEL SALALAH, an HTG Hotel"
158,Yichang,CN,79.41,broken clouds,30.7144,111.2847,Gezhouba Hotel
159,Mumford,GH,73.6,scattered clouds,5.2618,-0.759,Spanish Villa
160,San Pedro,PH,83.26,scattered clouds,14.35,121.0167,Palines Apartment and Guesthouse
161,Lompoc,US,88.02,broken clouds,34.6391,-120.4579,"Holiday Inn Express Lompoc, an IHG Hotel"
162,Mahebourg,MU,69.26,scattered clouds,-20.4081,57.7,Shandrani Beachcomber Resort & Spa
164,Popondetta,PG,84.33,scattered clouds,-8.7537,148.2534,Timos Transit House
165,Esperance,AU,52.57,broken clouds,-33.8667,121.9,Hospitality Esperance
170,Korla,CN,74.19,clear sky,41.7597,86.1469,Gulisitan Hotel
171,Ishinomaki,JP,73.4,light rain,38.4167,141.3,Ishinomaki Grand Hotel
172,Marolambo,MG,55.4,few clouds,-20.05,48.1167,local guide suport centre
173,Talnakh,RU,54.21,few clouds,69.4865,88.3972,Talnakh Hotel
174,Port-Cartier,CA,68.22,heavy intensity rain,50.0334,-66.8654,Le Q'Artier
175,Atar,MR,92.8,clear sky,20.5169,-13.0499,Oumou Elghoura
176,Asau,RO,63.52,clear sky,46.4333,26.4,Casa Mika Ciobanus
178,Loubomo,CG,66.72,scattered clouds,-4.1997,12.6739,La Dolisienne
179,Rio Branco,BR,83.01,clear sky,-9.9747,-67.81,Hotel Guapindaia Bosque
180,Dwarka,IN,82.54,overcast clouds,22.2394,68.9678,Hotel Narayan Avezika Comfort
181,Richards Bay,ZA,66.18,broken clouds,-28.783,32.0377,BON Hotel Waterfront Richards Bay
182,Ardakan,IR,86.95,clear sky,32.31,54.0175,Ardakan Hotel
183,Lancaster,US,88.18,scattered clouds,40.2504,-76.2499,Refreshing Mountain Retreat and Adventure Center
184,Pacific Grove,US,84.24,scattered clouds,36.6177,-121.9166,Lovers Point Inn
185,Rudsar,IR,76.37,broken clouds,37.1376,50.288,Hotel Bahar
186,Norman Wells,CA,73.44,broken clouds,65.282,-126.8329,Heritage Hotel
187,Udachnyy,RU,50.45,overcast clouds,66.4167,112.4,Severnoye Siyaniye
188,Coruripe,BR,72.88,broken clouds,-10.1256,-36.1756,Pousada e Hotel Litoral Sul
189,Gravdal,NO,53.42,overcast clouds,68.1214,13.5031,Skreda Rorbusuiter
190,Meulaboh,ID,77.2,overcast clouds,4.1363,96.1285,Kost Pria
193,Niquero,CU,85.86,few clouds,20.0431,-77.5828,Islazul Niquero
194,Puerto Ayora,EC,78.76,broken clouds,-0.7393,-90.3518,Finch Bay Galapagos Hotel
195,Abdulino,RU,58.71,broken clouds,53.7,53.6667,Hotel Lazur
197,Beira,MZ,69.89,few clouds,-19.8436,34.8389,Beira Terrace Hotel
198,Batemans Bay,AU,53.1,overcast clouds,-35.7167,150.1833,Batemans Bay Marina Resort
199,Yulara,AU,51.21,clear sky,-25.2406,130.9889,Desert Gardens Hotel - Ayers Rock Resort
200,Denpasar,ID,78.46,broken clouds,-8.65,115.2167,OYO 3156 Hotel Warta 2
201,Cidreira,BR,62.64,overcast clouds,-30.1811,-50.2056,Hotel Castelo
202,Buinsk,RU,62.65,overcast clouds,54.95,48.2833,"Landysh, Gostinitsa"
203,Grindavik,IS,53.55,light intensity drizzle,63.8424,-22.4338,Northern Light Inn & Max's Restaurant
204,Torbay,CA,68.77,broken clouds,47.6666,-52.7314,Gallows Cove
205,Tera,NE,89.51,overcast clouds,14.0078,0.7531,Hotel Daressalam T√©ra
208,Geraldton,AU,54.01,overcast clouds,-28.7667,114.6,Broadwater Mariner Resort
209,Sragen,ID,72.07,overcast clouds,-7.4264,111.0222,Graha Hotel Sragen
210,Tuktoyaktuk,CA,55.4,broken clouds,69.4541,-133.0374,End of The Road Ltd.
211,Lensk,RU,62.74,overcast clouds,60.7253,114.9278,–¢–∏–Ω–û—Ä–°
212,Esna,EG,89.62,clear sky,25.2934,32.554,Orient Star Dahabyia Isna 05 Nights Each Sunday
213,Hofn,IS,50.74,scattered clouds,64.2539,-15.2082,H√≥tel H√∂fn
215,Katsuura,JP,82.42,scattered clouds,35.1333,140.3,Katsuura Hotel Mikazuki
216,Anadyr,RU,54.1,scattered clouds,64.75,177.4833,–û—Ç–∫–µ17.—Ä—É ‚Äî –∂–∏–ª—å—ë –¥–ª—è –∫–æ–º–∞–Ω–¥–∏—Ä–æ–≤–∞–Ω–Ω—ã—Ö
217,Narsaq,GL,50.77,few clouds,60.9167,-46.05,Sleep In Narsaq
218,Bengkulu,ID,74.66,broken clouds,-3.8004,102.2655,Grage Hotel Bengkulu
219,Salto,UY,64.87,light rain,-31.3833,-57.9667,Gran Hotel Uruguay
220,Namibe,AO,62.78,few clouds,-15.1961,12.1522,Hotel Chik Chik Namibe
221,Naples,IT,81.21,clear sky,40.8333,14.25,Renaissance Naples Hotel Mediterraneo
222,Palanga,LT,69.82,few clouds,55.9175,21.0686,"Hotel ""Austƒója"""
223,Puerto Escondido,MX,84.52,overcast clouds,15.85,-97.0667,Aldea del Bazar Hotel and Spa
224,Belgaum,IN,67.95,overcast clouds,15.8667,74.5,Hotel Rakshit International
226,Oktyabrskoye,RU,64.54,light intensity drizzle,43.0645,44.7417,Prolesok Mini-hotel
228,Marihatag,PH,79.56,light rain,8.7936,126.2969,Mariner's Place & Resort
229,Muros,ES,68.09,broken clouds,42.7762,-9.0603,Apartment Av. Castelao
230,Port Hardy,CA,59.18,scattered clouds,50.6996,-127.4199,Airport Inn-Port Hardy
231,Svetlyy,RU,70.97,few clouds,54.675,20.1347,"Gostinitsa-Kafe, Alena"
232,Saint-Ambroise,CA,76.82,broken clouds,48.5501,-71.3324,Motel Saint-Ambroise
233,Zhigalovo,RU,59.45,overcast clouds,54.8097,105.1578,"Hotel ""Lenatur"""
234,Chapais,CA,64.18,overcast clouds,49.7834,-74.8492,H√¥tel Op√©miska
235,Agotnes,NO,54.16,scattered clouds,60.4061,5.0189,Lauv√∏y As
236,Cap Malheureux,MU,69.48,broken clouds,-19.9842,57.6142,Pereybere Hotel & Spa
238,Krasnoselkup,RU,50.63,broken clouds,65.7,82.4667,Krasnosel'kupnefteprodukt
239,Lakatoro,VU,81.39,scattered clouds,-16.0999,167.4164,Lakatoro Palm Lodge
240,Menongue,AO,51.37,clear sky,-14.6585,17.691,Ritz Lauca
241,Alta Floresta,BR,76.75,clear sky,-9.8756,-56.0861,Floresta Amazonica Hotel
243,Shihezi,CN,73.06,clear sky,44.3,86.0333,Home Inn Shihezi Dongwu Road Century Square
244,Traverse City,US,85.98,clear sky,44.7631,-85.6206,Bayshore Resort
245,Aswan,EG,88.9,clear sky,24.0934,32.907,Nuba Nile
246,Marrakesh,MA,91.47,scattered clouds,31.6315,-8.0083,Les Jardins de La Koutoubia
247,Abnub,EG,82.62,clear sky,27.2696,31.1511,ÿØŸàÿßÿ± ÿßŸÑ ÿπÿ®ÿØ ÿßŸÑÿ¨ŸàÿßÿØ ÿ¥ÿ±ŸÇ ÿßŸÑÿ®ŸÑÿØ ÿ®ÿßÿ®ŸÜŸàÿ®
248,Vilhena,BR,82.62,clear sky,-12.7406,-60.1458,Hotel Mirage
249,Lamu,KE,74.08,light rain,-2.2717,40.902,Lamu House
250,Sorong,ID,78.48,few clouds,-0.8833,131.25,Waigo Splash Hotel
251,Erzin,TR,74.55,clear sky,36.9559,36.2,Artemis Otel
252,Goderich,CA,80.92,clear sky,43.7501,-81.7165,Harmony Inn
253,Sabang,ID,82.71,overcast clouds,5.8933,95.3214,Hotel Citra
254,High Level,CA,53.71,heavy intensity rain,58.5169,-117.136,Days Inn by Wyndham High Level
255,Bocaiuva,BR,69.51,clear sky,-17.1078,-43.815,Hotel Maxim's
256,Warrington,GB,63.32,broken clouds,53.3925,-2.5802,Villaggio Hotel
257,Grand Forks,US,85.93,scattered clouds,47.9417,-97.4337,Warrior Inn
258,Palana,RU,57.76,clear sky,59.1167,159.9667,Chikago
259,Haines Junction,CA,64.35,overcast clouds,60.7522,-137.5108,Parkside Inn
260,Sao Mateus,BR,68.09,few clouds,-18.7161,-39.8589,Hotel Rio Norte
262,Recco,IT,82.15,clear sky,44.3623,9.1435,Albergo Augusta
263,Vieux-Habitants,GP,81.97,clear sky,16.0589,-61.7659,Clos du Manguier
264,Kaeo,NZ,59.32,broken clouds,-35.1,173.7833,Bushido Lodge
265,Alofi,NU,78.69,scattered clouds,-19.0595,-169.9187,Taloa Heights
266,Natal,BR,75.42,broken clouds,-5.795,-35.2094,Villa Park Hotel | Natal
268,Preobrazheniye,RU,64.27,overcast clouds,42.9019,133.9064,Campsite Orlan
270,Grand Gaube,MU,69.39,broken clouds,-20.0064,57.6608,Veranda Paul et Virginie Hotel & Spa
271,Tarakan,ID,76.5,scattered clouds,3.3,117.6333,RedDoorz Syariah near Taman Berlabuh Tarakan
272,Isangel,VU,79.68,clear sky,-19.55,169.2667,Tanna Lodge
273,Road Town,VG,82.44,few clouds,18.4167,-64.6167,"ZINGARA 76ft Catamaran, full crew-all included"
274,Hun,LY,77.43,clear sky,29.1268,15.9477,Alrwasi Hotel
275,Anori,BR,79.27,broken clouds,-3.7728,-61.6442,Novo Hotel 5 Irm√£os
276,Cayenne,GF,83.08,few clouds,4.9333,-52.3333,H√¥tel Le Dronmi
278,Pestovo,RU,57.54,scattered clouds,58.5938,35.8024,–û—Ç–µ–ª—å –í–æ–∫—Ä—É–≥ —Å–≤–µ—Ç–∞
279,Vardo,NO,53.58,overcast clouds,70.3705,31.1107,Vard√∏ Hotel AS
280,Matay,EG,78.96,clear sky,28.419,30.7792,Nag Aespen
282,Pemangkat,ID,78.08,light rain,1.1667,108.9667,Ramah Kost KITA
283,Coromandel,BR,64.74,few clouds,-18.4733,-47.2003,Hotel Dona Ad√©lia
284,El Carmen,CO,71.89,overcast clouds,8.5106,-73.4478,Hotel La Casona
285,Mahajanga,MG,68.02,clear sky,-15.7167,46.3167,H√¥tel Restaurant Gourmand Coco Lodge Majunga
289,Bairiki,KI,82.4,broken clouds,1.3292,172.9752,Tarawa Boutique Hotel
290,Vestmannaeyjar,IS,51.78,overcast clouds,63.4427,-20.2734,Glamping & Camping
291,Santa Maria,BR,69.1,clear sky,-29.6842,-53.8069,Hotel Morotin
294,Port Lincoln,AU,55.4,overcast clouds,-34.7333,135.8667,Port Lincoln Hotel
295,Varzea Da Palma,BR,69.48,clear sky,-17.5981,-44.7308,Casa Fernandes
296,Itarare,BR,63.25,broken clouds,-24.1125,-49.3317,Hospedaria Frei Caneca
297,Kotelnikovo,RU,64.62,few clouds,47.6317,43.1461,Seven Kings Kotelnikovo
300,Fukue,JP,78.04,scattered clouds,32.6881,128.8419,Goto Guesthouse Utojuku & SA Car Rental
301,Rio Cuarto,AR,56.97,clear sky,-33.1307,-64.3499,Hotel Menossi
302,Hami,CN,73.08,clear sky,42.8,93.45,Laoyutang Resort
305,Nadaun,IN,77.49,overcast clouds,31.7833,76.35,Shivashakti biotechnologies branch office nadaun hamirpur
307,Lima,PE,59.25,overcast clouds,-12.0432,-77.0282,Hotel Kamana
308,Weligama,LK,76.95,moderate rain,5.9667,80.4167,Weligama Bay Resort
309,Krosno Odrzanskie,PL,69.66,broken clouds,52.0549,15.0988,Noclegi Krosno Odrza≈Ñskie
311,Ketchikan,US,62.56,overcast clouds,55.3422,-131.6461,Snow's Cove Lodge
312,Khash,IR,79.79,scattered clouds,28.2211,61.2158,ÿÆŸàÿßÿ®⁄ØÿßŸá ÿ¢ÿ®ÿ¨€å ŸÖÿ≠ÿØÿ´Ÿá
313,Hope,US,89.65,overcast clouds,33.6671,-93.5916,Best Western Hope
314,Taltal,CL,59.0,clear sky,-25.4,-70.4833,Residencial Karime
315,Kananga,CD,73.98,scattered clouds,-5.8958,22.4178,Guest House Wood Land
316,Yeniseysk,RU,56.77,overcast clouds,58.4497,92.1703,"""Domino"""
321,Bilma,NE,93.02,overcast clouds,18.6853,12.9164,Expeditions T√©n√©re voyages
323,Lubumbashi,CD,58.5,few clouds,-11.6609,27.4794,Glo Flats
324,Lazaro Cardenas,MX,87.01,scattered clouds,17.9583,-102.2,HOTEL QUINTA ANTIGUA
325,Biloela,AU,61.59,moderate rain,-24.4167,150.5,Silo Motor Inn Biloela
326,Sur,OM,86.41,overcast clouds,22.5667,59.5289,Sur Plaza Hotel
327,Ibirataia,BR,64.51,scattered clouds,-14.0669,-39.6406,Pousada e Restaurante Tambuque
328,Mecca,SA,86.09,broken clouds,21.4267,39.8261,"Makkah Clock Royal Tower, A Fairmont Hotel"
329,Igarka,RU,54.61,overcast clouds,67.4667,86.5833,"Zapolyar'ye, Gostinitsa"
330,Lexington Park,US,87.12,broken clouds,38.2668,-76.4538,TownePlace Suites by Marriott Lexington Park Patuxent River Naval Air Station
331,Sechura,PE,70.81,scattered clouds,-5.5569,-80.8222,Hospedaje Costa Bella
332,Livingston,GB,58.86,clear sky,55.9029,-3.5226,Mercure Livingston Hotel
333,Kodiak,US,53.11,light rain,57.79,-152.4072,Best Western Kodiak Inn And Convention Center
334,Chuy,UY,51.85,overcast clouds,-33.6971,-53.4616,Nuevo Hotel Plaza
335,Montepuez,MZ,62.92,few clouds,-13.1256,38.9997,PembaAparthotel
336,Santa Cruz,BO,80.65,broken clouds,-17.8,-63.1667,Aviador Hotel Boutique
337,Juba,SS,69.03,light rain,4.8517,31.5825,ROYAL PALACE HOTEL - JUBA
338,Waingapu,ID,75.31,overcast clouds,-9.6567,120.2641,Pondok Wisata Elim
339,The Valley,AI,84.34,few clouds,18.217,-63.0578,CeBlue Villas & Beach Resort
341,Yazman,PK,83.55,light rain,29.1212,71.7446,Jamal sons showroom
342,Thenzawl,IN,68.59,overcast clouds,23.3167,92.75,Grace Indane Gramin Vitrak Godown
343,Mabaruma,GY,75.85,broken clouds,8.2,-59.7833,Monty Brooms Guest House
344,Dong Hoi,VN,77.36,overcast clouds,17.4833,106.6,Nam Long Hotel
345,Waw,SS,70.39,overcast clouds,7.7029,27.9953,Universal Gab Hotel
347,Havoysund,NO,53.83,light rain,70.9963,24.6622,Arctic View Glamping & Restaurant
348,Wanxian,CN,78.96,overcast clouds,30.8039,108.3897,7Days Inn Chongqing Shiqiaopu
349,Lasa,IT,69.37,scattered clouds,46.6166,10.7002,Pension Feldg√§rtenhof
352,Nyurba,RU,55.87,overcast clouds,63.2842,118.3319,"–ì–æ—Å—Ç–∏–Ω–∏—Ü–∞ ""Comfort"""
354,Cartagena Del Chaira,CO,72.01,overcast clouds,1.3349,-74.8429,HOTEL LA ROCA
355,San Fernando,PH,82.13,broken clouds,15.0286,120.6898,Maharlika Hostel
357,Hobyo,SO,75.47,few clouds,5.3505,48.5268,Iftin hotel hobyo
358,Port-Gentil,GA,75.16,broken clouds,-0.7193,8.7815,Fengshui Residence
359,Seaford,GB,66.09,scattered clouds,50.7714,0.1027,Premier Inn Newhaven hotel
360,Turukhansk,RU,56.77,overcast clouds,65.8167,87.9833,"–û–û–û ""–¢—É—Ä—É—Ö–∞–Ω—Å–∫–∞—è –ø—É—à–Ω–∏–Ω–∞"""
361,Halifax,CA,75.09,mist,44.6453,-63.5724,Hotel Halifax
363,Dakar,SN,82.53,broken clouds,14.6937,-17.4441,Novotel Dakar
364,Kutum,SD,75.74,overcast clouds,14.2,24.6667,Dibbo areaŸÖŸÜÿ∑ŸÇÿ© ÿØÿ®Ÿà
365,Lata,PT,58.95,scattered clouds,40.1629,-8.3327,Casa Maquia
366,Mehtar Lam,AF,80.64,overcast clouds,34.6714,70.2094,Fareed Hakamani
369,Gagnoa,CI,67.55,broken clouds,6.1293,-5.9437,Residence Kiliyo
370,Casino,AU,58.82,moderate rain,-28.8667,153.05,Squatters Homestead Motel
371,Mazamari,PE,76.42,clear sky,-11.3258,-74.5308,Hospedaje Ratto
372,Nanchang,CN,84.42,broken clouds,28.6833,115.8833,Ruidu Hotel
373,Fort Wellington,GY,78.51,scattered clouds,6.4,-57.6,TE'AMO Entertainment Park
374,Sibolga,ID,75.33,overcast clouds,1.7427,98.7792,Hotel Syariah CN Darussalam
375,Marsh Harbour,BS,83.35,few clouds,26.5412,-77.0636,Abaco Beach Resort
376,Capilla De Guadalupe,MX,83.62,few clouds,20.8333,-102.5833,Hotel Estancia Real
377,Namatanai,PG,82.94,overcast clouds,-3.6667,152.4333,Seagulls Inn Namatani
380,Severo-Kurilsk,RU,53.83,heavy intensity rain,50.6789,156.125,Kak Doma
381,Caceres,ES,78.87,overcast clouds,39.522,-6.3748,Ahc Hoteles
382,Oldenzaal,NL,61.93,overcast clouds,52.3,6.9333,Hotel 't Kruisselt
383,Vaitape,PF,77.5,light rain,-16.5167,-151.75,Conrad Bora Bora Nui
384,Churapcha,RU,76.06,clear sky,62.0025,132.4325,"""Tusku"""
386,Hengyang,CN,80.89,scattered clouds,26.8881,112.615,Honglin Guesthouse
388,Santiago,CL,61.75,clear sky,-33.4569,-70.6483,Hotel Panamericano
390,Piacabucu,BR,72.86,broken clouds,-10.4056,-36.4344,Pia√ßabu√ßu News
391,Cabedelo,BR,74.07,overcast clouds,-6.9811,-34.8339,Pousada Camboinha
392,Ruteng,ID,61.07,broken clouds,-8.6136,120.4721,Hotel FX 72
393,Sola,VU,80.28,moderate rain,-13.8833,167.55,Leumerus Bungalows
394,Ust-Ilimsk,RU,62.37,broken clouds,58.0006,102.6619,AleNat Center
395,Rairangpur,IN,79.65,overcast clouds,22.2676,86.1751,@ùìûùìúùìú ùìùùìòùìùùìò ùìúùìòùìõùìõ ùìóùìûùì£ùìîùìõ
396,Nanakuli,US,83.98,scattered clouds,21.3906,-158.1547,Camp PƒÅlehua
397,Vuktyl,RU,53.56,scattered clouds,63.8567,57.3094,Mini-Hotel Lokomotiv
398,Tamiahua,MX,86.77,broken clouds,21.2667,-97.45,Mission Of The Sun Hotel
399,Genhe,CN,71.67,few clouds,50.7833,121.5167,Companionship Hotel
400,Noumea,NC,80.58,broken clouds,-22.2763,166.4572,H√¥tel Le Lagon
401,Moroni,KM,73.18,clear sky,-11.7022,43.2551,Hotel Les Arcades
402,Bonavista,CA,58.03,scattered clouds,48.6499,-53.1147,Sweet Sharons bnb
403,Kailua,US,84.18,moderate rain,21.4022,-157.7394,Sheffield House Bed & Breakfast
405,Broome,US,85.08,broken clouds,42.2506,-75.833,Chenango Valley State Park
406,Invermere,CA,91.42,scattered clouds,50.5167,-116.0354,Copper Point Resort
408,Lebu,CL,50.99,light rain,-37.6167,-73.65,Hostal Las Lilas
409,San Cristobal,VE,71.78,overcast clouds,7.7669,-72.225,Pirineos
411,Fairbanks,US,66.22,overcast clouds,64.8378,-147.7164,Westmark Fairbanks Hotel & Conference Center
412,Sokol,RU,56.37,broken clouds,59.4617,40.1206,Salut Inn
414,Lukulu,ZM,68.32,overcast clouds,-14.3707,23.242,Ruth Guest House
416,Taksimo,RU,63.05,overcast clouds,56.3444,114.8794,"Gostinitsa ""Domashniy Ochag"""
417,Xifeng,CN,72.57,broken clouds,42.7372,124.7222,Home Inn Hotel
418,Eyl,SO,76.17,scattered clouds,7.9803,49.8164,Amiin Hotel
419,Shingu,JP,84.04,clear sky,33.7333,135.9833,Shingu UI Hotel
421,Maralal,KE,58.3,overcast clouds,1.0968,36.698,Ngari Hill Ecolodge
422,Saint Anthony,US,87.82,scattered clouds,45.0205,-93.218,"Holiday Inn Express Roseville-St. Paul, an IHG Hotel"
423,Marawi,PH,71.28,overcast clouds,7.9986,124.2928,Derogongan Residence
424,Kiunga,PG,73.53,overcast clouds,-6.1219,141.2906,Airport Lodge Kiunga
425,Bandipur,NP,67.03,overcast clouds,27.9333,84.4167,Bandipur Guest House
428,College,US,66.2,overcast clouds,64.8569,-147.8028,Pike's Waterfront Lodge
429,Upington,ZA,59.56,clear sky,-28.4478,21.2561,River Place Manor
430,Surt,LY,78.42,clear sky,31.2089,16.5887,ÿßŸÑŸáÿßÿØŸä ÿßÿ®Ÿàÿ¥ÿπÿßŸÑŸá ÿ≥ÿ±ÿ™
432,Chicama,PE,67.73,broken clouds,-7.8447,-79.1469,Balihai Bungalows
433,Rottenmann,AT,64.42,overcast clouds,47.5167,14.35,Gasthaus zur Melzen
434,Sinnamary,GF,78.01,scattered clouds,5.3833,-52.95,ALETHEIA Appartement Sinnamary
437,Bela,IN,83.41,overcast clouds,25.9333,81.9833,Raj Bhawan
438,Vila Franca Do Campo,PT,73.2,broken clouds,37.7167,-25.4333,Pestana Bahia Praia
439,Aguilas,ES,79.45,clear sky,37.4063,-1.5829,Hotel Carlos III
440,Skelleftea,SE,64.76,overcast clouds,64.7507,20.9528,Quality Hotel Skellefte√• Stadshotell
441,Soyo,AO,69.46,few clouds,-6.1349,12.3689,Hospedaria ndozi'ame
442,Merrill,US,81.9,scattered clouds,45.1805,-89.6835,Prairie Motel
444,Estelle,US,86.0,broken clouds,29.8458,-90.1067,Ohio
446,Benguela,AO,67.5,broken clouds,-12.5763,13.4055,Hotel Praia Morena
448,Pascagoula,US,92.12,broken clouds,30.3658,-88.5561,Regency Inn
449,Hensall,CA,85.89,few clouds,43.4334,-81.4998,Sybille Schaufler Accounting
450,Petrila,RO,64.31,clear sky,45.45,23.4167,Popasul Haiducilor
452,Loa Janan,ID,73.47,broken clouds,-0.583,117.095,Kost bu jono
454,Bud,US,89.92,clear sky,39.447,-86.1758,Ted McQuinn Trust
455,Nizwa,OM,84.24,broken clouds,22.9333,57.5333,Orient Apartments
457,Tiarei,PF,80.62,light rain,-17.5333,-149.3333,Le Rocher de Tahiti
458,Tsabong,BW,59.68,few clouds,-26.0217,22.401,Springbok Motel
460,Wajima,JP,75.16,light rain,37.4,136.9,Wajiima Onsen Yashio
461,Krutinka,RU,55.08,broken clouds,56.0055,71.5113,Motel Uyut
462,Nemuro,JP,59.59,clear sky,43.3236,145.575,Hotel Nemuro Kaiyoutei
463,Batagay,RU,63.55,overcast clouds,67.6333,134.6333,Gostinitsa Ki'ileekh
465,Seduva,LT,63.03,few clouds,55.7667,23.7667,Pirƒçi≈≥ slƒónis
466,Sao Joao Da Barra,BR,70.16,clear sky,-21.6403,-41.0511,Pousada Porto De Canoas
467,Sault Sainte Marie,CA,71.42,few clouds,46.5168,-84.3333,Comfort Inn
468,Suffolk,US,84.88,few clouds,40.8668,-72.7996,Greenwood Village
469,Santa Fe,AR,61.0,light rain,-31.6333,-60.7,Conquistador Hotel
470,Narok,KE,54.61,overcast clouds,-1.0783,35.8601,OLORROPIL TOWERS
472,Kapit,MY,74.07,overcast clouds,2.0167,112.9333,Hotel Meligai Kapit
473,Ivanava,BY,62.31,clear sky,52.1451,25.5365,Bed&Breakfast Valeria
474,Lisakovsk,KZ,59.43,clear sky,52.5369,62.4936,Gostinitsa Lisakovsk
475,Irbeyskoye,RU,61.38,overcast clouds,55.6428,95.4522,"Gostinitsa ""Agul"""
476,Jinchang,CN,60.37,clear sky,38.4953,102.1739,Mingshihui Jinchang International Hotel
477,Jaru,BR,79.74,clear sky,-10.4389,-62.4664,Hotel Paran√°
478,San Quintin,MX,73.53,overcast clouds,30.4833,-115.95,Don Eddie's Sport Fishing Center
479,Cusuna,HN,84.45,scattered clouds,15.85,-85.2333,San Francisco de la paz
480,Nara,JP,81.5,broken clouds,34.6851,135.8049,Guesthouse Nara Komachi
481,Leh,IN,64.53,overcast clouds,34.1667,77.5833,Hotel Ladakh Greens
482,Half Moon Bay,US,91.54,mist,37.4636,-122.4286,"The Ritz-Carlton, Half Moon Bay"
483,Cozumel,MX,82.99,scattered clouds,20.5083,-86.9458,Cozumel Palace¬Æ All Inclusive Resort
484,Erenhot,CN,70.77,light rain,43.6475,111.9767,Erenhot Rurouni Youth Hostel
485,Najran,SA,83.1,broken clouds,17.4924,44.1277,ŸÖÿ≠ŸÖÿØ ŸáÿßÿØŸä ÿßŸÑ ŸÅÿ∑Ÿäÿ≠
486,Dudinka,RU,54.63,scattered clouds,69.4058,86.1778,Hotel Viktoria
487,Rengasdengklok,ID,74.98,broken clouds,-6.1592,107.2981,Kost Citra Kirana Rengasdengklok
488,Kathu,TH,84.74,overcast clouds,7.9178,98.3332,Novotel Phuket Resort
489,Sarangani,PH,82.47,overcast clouds,5.4033,125.4636,JVL Inn and Cafeteria
490,Whitehorse,CA,65.17,broken clouds,60.7161,-135.0538,The Sternwheeler Hotel & Conference Centre
491,Morondava,MG,69.04,clear sky,-20.2833,44.2833,La Case Bambou
493,Timiryazevskiy,RU,61.75,light rain,56.49,84.8769,Kovcheg
494,Ambilobe,MG,64.78,scattered clouds,-13.2,49.05,H√¥tel & Restaurant DIANA Ambilobe
496,Hit,IQ,91.06,clear sky,33.6416,42.8251,‡¢™Ÿèÿ®ŸéŸÖŸÄÿß ÿèŸèŸÄŸÖŸéŸÄ‡¢™
497,Poronaysk,RU,57.04,overcast clouds,49.2167,143.1167,Avtovokzal Khostel Stolovaya
498,Baisha,CN,77.86,broken clouds,26.5222,110.9311,Xiangcun Old Place Hotel
500,Liku,ID,75.56,broken clouds,-0.7275,119.8922,Kost annisa
501,Opunake,NZ,55.45,overcast clouds,-39.4556,173.8583,Walton Cottage
502,Sundsvall,SE,62.56,light rain,62.3913,17.3063,Clarion Collection Hotel Grand Sundsvall
504,Orlik,RU,52.07,overcast clouds,52.5178,99.825,Gostevoy Dom Mini Gostinitsa
505,Nantucket,US,78.85,light rain,41.2835,-70.0995,Jared Coffin House
506,Dalbandin,PK,87.96,few clouds,28.8947,64.4101,Sanjrani House
508,Mayo,US,90.48,overcast clouds,38.8876,-76.5119,Resorts Resource Group International
509,Tianpeng,CN,66.97,overcast clouds,30.9866,103.9393,Shuangliu Love Home Business Hotel
511,Saint-Francois,FR,62.04,clear sky,46.4154,3.9054,Manoir Du Bonheur
513,Bosaso,SO,89.13,scattered clouds,11.2842,49.1816,Red Sea Hotel
514,Inhambane,MZ,67.12,clear sky,-23.865,35.3833,Oceano
515,Rancho Palos Verdes,US,91.45,scattered clouds,33.7445,-118.387,Terranea Resort
516,Bereda,ES,66.42,overcast clouds,43.2686,-7.5406,Pazo de Verdes
517,Osakarovka,KZ,59.11,scattered clouds,50.565,72.5692,Motel' Osakarovka
519,Mucuri,BR,71.71,clear sky,-18.0864,-39.5508,La Bodeguita Pousada
522,Hornepayne,CA,72.1,scattered clouds,49.2138,-84.7705,Kay-Vee Lodge Ltd
523,Kantunilkin,MX,89.53,broken clouds,21.0917,-87.45,Posada Paraiso
524,Belorechensk,RU,58.41,clear sky,44.76,39.87,–†–ì–ö –°–∏—Ç–∏ –ü–∞—Ä–∫ –ë–µ–ª–æ—Ä–µ—á–µ–Ω—Å–∫
526,Vanimo,PG,78.4,overcast clouds,-2.6741,141.3028,Vahmoneh Lodge Vanimo
527,Ahlat,TR,64.31,clear sky,38.7518,42.4814,Ahlat Ogretmenevi ve Aksam Sanat Okulu
528,Bonthe,SL,76.68,overcast clouds,7.5264,-12.505,Bonthe Holiday Village
529,Turochak,RU,56.5,light rain,52.2576,87.1224,"Usad'ba ""Lebed'"""
530,Svetlogorsk,BY,58.44,scattered clouds,52.6333,29.7333,Hotel Svetlogorsk JBIK
533,Salinopolis,BR,78.57,broken clouds,-0.6136,-47.3561,Salinas Park Resort Ma√ßarico AP101
534,Anshan,CN,72.64,broken clouds,41.1236,122.99,7Days Inn Anshan Bus Station
535,Sesheke,ZM,59.97,scattered clouds,-17.4759,24.2968,Protea Hotel by Marriott Zambezi River Lodge
536,Warwick,US,83.77,mist,41.7001,-71.4162,Hampton Inn & Suites Providence/Warwick-Airport
537,Kamogawa,JP,82.36,scattered clouds,35.1,140.1,Kamogawa Grand Hotel
538,Eydhafushi,MV,82.62,overcast clouds,5.1033,73.0708,Soneva Fushi
539,Beranang,MY,78.55,broken clouds,2.8733,101.8697,Home Sweet Home
540,Suruc,TR,78.82,clear sky,36.9761,38.425,PEHLƒ∞VANKESMESƒ∞ K√ñY√ú
541,Shushenskoye,RU,59.94,overcast clouds,53.325,91.9356,Turist
542,Waddan,LY,76.62,clear sky,29.1614,16.139,ŸÖÿ≠ŸÑ ÿßŸÑÿ¥ÿ±ŸäŸÅ ŸÖÿ≠ŸÖÿØ ÿßŸÑÿπÿßŸäÿ®
543,Algeciras,ES,74.88,mist,36.1333,-5.4505,AC Hotel by Marriott Algeciras
544,Along,IN,74.21,overcast clouds,28.1667,94.7667,Hotel West
545,Blacksburg,US,86.97,clear sky,37.2296,-80.4139,Hilton Garden Inn Blacksburg University
546,Sucua,EC,71.04,broken clouds,-2.4667,-78.1667,Finca el Piura
547,Oistins,BB,81.52,few clouds,13.0667,-59.5333,Butterfly Beach Hotel
548,Yangjiang,CN,79.47,few clouds,21.85,111.9667,HUALUXE Yangjiang City Center
549,Nhulunbuy,AU,74.01,scattered clouds,-12.2333,136.7667,East Arnhem Real Estate
550,Sete,FR,78.66,clear sky,43.4018,3.6966,Hotel de Paris S√®te
551,Turka,UA,56.8,clear sky,49.1541,23.0297,–ú–æ—Ç–µ–ª—å
553,Linjiang,CN,69.48,overcast clouds,41.8069,126.9078,Ê†ºÊûóË±™Ê≥∞
554,Paracuru,BR,76.1,broken clouds,-3.41,-39.0306,Hotel Vento Brasil
555,Alepe,CI,76.87,broken clouds,5.5004,-3.6631,BENENE 1
559,Baculin,PH,80.6,scattered clouds,7.4525,126.5842,Baculin Cove Beach Resort
560,Kieta,PG,83.53,overcast clouds,-6.2167,155.6333,Uruna Bay Retreat
561,Inuvik,CA,70.83,light rain,68.3499,-133.7218,Nova Inn Inuvik
562,Kavieng,PG,82.18,light rain,-2.5744,150.7967,Nusa Island Retreat
563,Abu Zabad,SD,71.42,broken clouds,12.35,29.25,ÿ≠ÿßŸÖÿØ ŸÖÿ≠ŸÖÿØ ŸÜŸàÿ±
564,Kattivakkam,IN,78.89,overcast clouds,13.2167,80.3167,Euronova Freezer
565,Trincomalee,LK,78.84,broken clouds,8.5711,81.2335,Welcombe Hotel
567,Muscat,OM,88.75,few clouds,23.6139,58.5922,Mutrah Hotel
569,Severnyy,RU,57.24,clear sky,50.677,36.5532,Full House North Mini-Hotel
571,Cannes,FR,80.6,clear sky,43.55,7.0167,Hotel Barri√®re Le Majestic Cannes
572,Imbituba,BR,67.08,few clouds,-28.24,-48.6703,Praia Hotel Imbituba
574,Abha,SA,69.12,overcast clouds,18.2164,42.5053,Abha Hotel
575,Oriximina,BR,79.56,broken clouds,-1.7656,-55.8661,Pousada Tia Am√©lia
576,Ixtapa,MX,90.23,scattered clouds,20.7,-105.2,hotel la terminal
577,Harjavalta,FI,67.73,overcast clouds,61.3167,22.1333,Hotelli Hiittenharju
578,Abu Kamal,SY,86.79,clear sky,34.4506,40.9171,ÿßŸÑÿ®ŸàŸÉŸÖÿßŸÑ
579,Krasavino,RU,58.32,broken clouds,60.9614,46.4814,Guest House in Krasavino
580,Cienfuegos,CU,85.35,few clouds,22.1461,-80.4356,Casa Claumar B2BPay
581,High Rock,BS,84.34,broken clouds,26.6208,-78.2833,Hideaway Bahamas Beach Club
582,Sohag,EG,85.33,clear sky,26.557,31.6948,Civil Registry - Sohag 1
583,Davenport,US,88.03,clear sky,41.5236,-90.5776,"Hotel Blackhawk, Autograph Collection"
584,Berlevag,NO,62.4,moderate rain,70.8578,29.0864,Kvitbrakka
585,Bucerias,MX,90.99,few clouds,20.75,-105.3333,Royal Decameron Complex - Puerto Vallarta
587,Yeppoon,AU,60.58,scattered clouds,-23.1333,150.7333,Villa Mar Colina
588,Channel-Port Aux Basques,CA,62.33,scattered clouds,47.5702,-59.1367,St. Christopher's Hotel
589,Chiang Kham,TH,71.91,overcast clouds,19.5233,100.3,Rico Resort
590,Simao,CN,64.24,overcast clouds,22.7886,100.9748,Changyu Hotel
591,Piranhas,BR,74.19,clear sky,-16.4269,-51.8222,Planalto Hotel
592,Westport,US,90.93,broken clouds,41.1415,-73.3579,The Westport Inn
593,Kulhudhuffushi,MV,81.73,light rain,6.6221,73.07,Haajy Guest House 1
594,Umm Lajj,SA,85.91,clear sky,25.0213,37.2685,Moon light Furnished Units
595,Kazuno,JP,71.62,overcast clouds,40.1836,140.7872,Anbe
596,Brae,GB,50.02,scattered clouds,60.3964,-1.353,Busta House Hotel
597,Maple Creek,CA,85.96,clear sky,49.9168,-109.4848,Willowbend Campground & Cabins
599,Ayr,GB,60.31,scattered clouds,55.4627,-4.6339,Mercure Ayr Hotel
600,Chulym,RU,57.92,scattered clouds,55.0997,80.9572,"""U Tat'yany"""
601,Maine-Soroa,NE,82.36,broken clouds,13.2114,12.0241,Complexe
602,Zhigansk,RU,60.93,light rain,66.7697,123.3711,Gostinichnyy Kompleks Aylgy
604,Altamira,BR,78.35,overcast clouds,-3.2033,-52.2064,Requinte Hotel
605,Rio Grande,BR,62.71,overcast clouds,-32.035,-52.0986,Hotel Atl√¢ntico Rio Grande
606,Solnechnyy,RU,56.79,overcast clouds,50.7214,136.6319,Hotel complex Pastoral
607,Beni,CD,64.47,overcast clouds,0.5,29.4667,Albertine hotel
609,Hoquiam,US,74.84,broken clouds,46.9809,-123.8893,Econo Lodge Inn & Suites
610,Kalmunai,LK,79.14,overcast clouds,7.4167,81.8167,VS Villa
611,Calbe,DE,68.29,scattered clouds,51.9,11.7667,Pension und Sauna Am Lorenz
612,Ilebo,CD,73.0,few clouds,-4.3167,20.5833,H√¥tel BUMAK
613,Kolno,PL,65.57,few clouds,53.4115,21.9291,Colnus
614,Manta,EC,70.41,overcast clouds,-0.95,-80.7333,Balandra Hotel
615,Gouyave,GD,80.4,clear sky,12.1646,-61.7296,Rumboat Retreat
616,Pemberton,CA,86.23,broken clouds,50.3164,-122.8027,Pemberton Valley Lodge
617,Yarmouth,US,80.65,mist,41.7057,-70.2286,Blue Rock Resort
619,Manbij,SY,76.96,clear sky,36.5281,37.9549,Manbej City Hotel
620,Bredy,RU,58.19,few clouds,52.4153,60.3411,Individual'nyy Predprinimatel' Rakhmanin Andrey Aleksandrovich
621,Ust-Tsilma,RU,50.38,scattered clouds,65.441,52.1498,U Praskov'i
622,Vaasa,FI,65.28,thunderstorm with heavy rain,63.096,21.6158,Hotel Astor
624,Novopskov,UA,56.07,scattered clouds,49.5464,39.0899,"Sanatorno-Ozdorovchyy Kompleks ""Perlyna"""
625,Hovd,MN,61.72,overcast clouds,48.0056,91.6419,Hotel Khovd
627,Bom Jesus,BR,76.57,scattered clouds,-9.0744,-44.3586,Hotel Bras√£o & Floricultura Bella Flor
628,Vyshhorod,UA,65.93,few clouds,50.5848,30.4898,Vyshegrad Mini-Hotel
631,Saint-Georges,GD,80.47,clear sky,12.0564,-61.7485,Radisson Grenada Beach Resort
632,Puerto Lopez,CO,73.53,overcast clouds,4.0845,-72.956,Resguardo Indigena Maguare
633,Faya,SA,68.94,overcast clouds,18.3851,42.4509,ÿßŸÖŸÑÿßŸÉ ÿÆÿßŸÑÿØ ÿßŸÑÿ¥ÿπÿ¥Ÿàÿπ
634,Coahuayana,MX,88.38,overcast clouds,18.7333,-103.6833,El rranchito michuacan de ocampos
635,Nizhniy Baskunchak,RU,69.87,scattered clouds,48.2198,46.8311,Arman hotel
636,Lagoa,PT,71.74,overcast clouds,39.05,-27.9833,Casa Das Faias
638,Tromso,NO,51.82,overcast clouds,69.6496,18.957,"Radisson Blu Hotel, Troms√∏"
639,Waterloo,CA,85.48,clear sky,43.4668,-80.5164,The Walper Hotel
641,Mangan,IN,75.69,overcast clouds,27.5167,88.5333,Hotel Mout View
642,Walkerton,US,89.78,scattered clouds,41.4667,-86.4831,Hesters‚Äô Farm
644,Yelnya,RU,54.21,clear sky,54.5786,33.1837,Gostinitsa Tsentral'naya
645,Touros,BR,75.34,overcast clouds,-5.1989,-35.4608,INN NEW HORIZON
647,Itoman,JP,86.02,few clouds,26.1247,127.6694,Southern Beach Hotel & Resort Okinawa
648,Arys,KZ,85.24,clear sky,42.4252,68.795,Gostinitsa
650,Olafsvik,IS,53.15,broken clouds,64.8945,-23.7142,Hotel Olafsvik
651,Dire Dawa,ET,71.73,scattered clouds,9.5931,41.8661,Samrat Hotel
652,Rafraf,TN,75.51,clear sky,37.1904,10.1837,Les Jardins de la Mer Ghar el Melh
653,Marystown,CA,64.85,broken clouds,47.1666,-55.1483,Marystown Hotel & Convention Centre
654,Kingswood,GB,67.91,few clouds,51.4528,-2.5083,Biztec Group- Kingswood House
655,Vila Do Maio,CV,75.51,overcast clouds,15.1333,-23.2167,Hotel Marilu
656,San-Pedro,CI,74.8,overcast clouds,4.7485,-6.6363,Hotel Maria
657,Maues,BR,78.64,scattered clouds,-3.3836,-57.7186,Hotel Miramar
658,Yabrud,SY,66.88,clear sky,33.9674,36.6574,ÿµÿßŸÑÿ© ÿßŸÅÿ±ÿßÿ≠ ÿßŸÑÿßŸÜÿØŸÑÿ≥
659,Terrace,CA,75.11,few clouds,54.5163,-128.6035,Northern Motor Inn
660,La Ronge,CA,63.95,broken clouds,55.1001,-105.2842,Northland Motor Hotel
662,Linqiong,CN,71.38,light rain,30.4159,103.4609,Tianlun Tanxianglou Hotel
663,Sept-Iles,CA,68.52,heavy intensity rain,50.2001,-66.3821,Comfort Inn
664,Hailar,CN,73.51,few clouds,49.2,119.7,Holiday Inn & Suites Hulunbuir
665,Segou,ML,80.94,broken clouds,13.4317,-6.2157,Comme chez soi
666,Raudeberg,NO,52.47,broken clouds,61.9875,5.1352,Nordre Silda.
667,Zhuhai,CN,84.85,few clouds,22.2769,113.5678,Áè†Êµ∑Á≤§Ë¥¢ÂÅáÊó•ÈÖíÂ∫ó
668,Quelimane,MZ,66.49,clear sky,-17.8786,36.8883,Hotel Flamingo
669,Pouebo,NC,77.81,overcast clouds,-20.4,164.5667,RIV√ÇT LODGE
670,Camacha,PT,67.42,broken clouds,33.0833,-16.3333,Hotel Porto Santo & Spa
671,Andenes,NO,53.58,overcast clouds,69.3143,16.1194,Hotell Marena
672,Weinan,CN,67.32,light rain,34.5036,109.5089,Thank Inn Chain Hotel shanxi weinan linwei district jiefang road
673,Dunstable,GB,66.04,overcast clouds,51.886,-0.521,Premier Inn Dunstable / Luton hotel
674,Jizan,SA,90.05,scattered clouds,17.3333,42.6667,ÿ¥ŸáÿØÿßŸÜ. ÿßÿ®ŸàÿßŸÑÿ≠ÿ¨ÿ±
675,Barcelona,ES,80.69,clear sky,41.3888,2.159,Axel Hotel Barcelona
677,Ambulu,ID,71.83,overcast clouds,-8.345,113.6058,Hotel Ambulu Jember
678,Puri,IN,81.12,overcast clouds,19.8,85.85,OYO 1577 Hotel Shree Hari Grand
679,Ngunguru,NZ,54.99,scattered clouds,-35.6167,174.5,Pacific Rendezvous Motel Resort
680,Kassala,SD,79.81,overcast clouds,15.451,36.4,Amassi Hotel Gash
681,Kjopsvik,NO,54.18,overcast clouds,68.097,16.3742,Stetind Hotell
683,Maanshan,CN,81.82,few clouds,31.6957,118.4983,Â§©ÁõÆÊπñÈÖíÂ∫ó
684,Vodnyy,RU,60.57,broken clouds,63.5046,53.4095,–ö–∞–º–µ–Ω–∫–∞
685,Tahta,EG,84.83,clear sky,26.7693,31.5021,ŸÅŸÜÿØŸÇ ÿßŸÑÿ≤Ÿäÿßÿ™
