City_ID,City,Country,Lat,Lng,Max Temp,Humidity,Cloudiness,Wind Speed,Current Description
0,Ushuaia,AR,-54.8,-68.3,31.66,80,75,21.85,light snow
1,Cherskiy,RU,68.75,161.3,47.28,45,99,11.86,overcast clouds
2,Atherton,GB,53.5237,-2.4935,62.74,88,99,3.2,overcast clouds
3,Buta,CD,2.7858,24.73,70.27,99,100,1.5,light rain
4,Cape Town,ZA,-33.9258,18.4232,57.38,81,0,3.0,clear sky
5,Hobart,AU,-42.8794,147.3294,46.26,85,20,8.05,few clouds
6,Zverinogolovskoye,RU,54.4586,64.8542,54.81,92,0,7.47,clear sky
7,Odweyne,SO,9.4092,45.064,70.21,48,34,14.29,scattered clouds
8,Barcelos,PT,41.5388,-8.6151,68.92,90,67,1.79,broken clouds
9,Ribeira Grande,PT,38.5167,-28.7,73.45,86,52,2.01,broken clouds
10,Bambous Virieux,MU,-20.3428,57.7575,69.22,88,40,12.66,scattered clouds
11,Mataura,NZ,-46.1927,168.8643,43.48,94,100,0.98,overcast clouds
12,Airai,TL,-8.9266,125.4092,57.38,85,98,3.78,overcast clouds
13,Navirai,BR,-23.065,-54.1906,71.49,38,19,4.79,few clouds
14,Rikitea,PF,-23.1203,-134.9692,74.1,80,94,23.02,light rain
15,Bethel,US,41.3712,-73.414,90.36,72,48,10.16,scattered clouds
16,Albany,US,42.6001,-73.9662,89.58,53,20,10.76,few clouds
17,Mount Gambier,AU,-37.8333,140.7667,49.82,82,100,11.01,overcast clouds
18,Faanui,PF,-16.4833,-151.75,77.54,72,12,10.6,light rain
19,Karratha,AU,-20.7377,116.8463,68.0,82,0,7.76,clear sky
20,Vaini,TO,-21.2,-175.2,77.16,83,40,9.22,scattered clouds
21,Castro,BR,-24.7911,-50.0119,59.68,83,57,2.64,broken clouds
22,Zapolyarnyy,RU,69.4154,30.8136,61.88,82,100,5.26,overcast clouds
23,Butaritari,KI,3.0707,172.7902,81.48,73,57,5.41,broken clouds
24,Daoukro,CI,7.0591,-3.9631,69.06,93,70,3.13,broken clouds
25,Kashi,CN,39.4547,75.9797,79.81,24,0,8.95,dust
26,Acarau,BR,-2.8856,-40.12,78.82,78,49,13.78,scattered clouds
27,Harper,LR,4.375,-7.7169,75.2,75,100,7.63,overcast clouds
28,Avarua,CK,-21.2078,-159.775,73.45,78,75,16.11,broken clouds
29,Arraial Do Cabo,BR,-22.9661,-42.0278,69.66,88,0,6.91,clear sky
30,Kloulklubed,PW,7.0419,134.2556,82.44,73,99,1.92,overcast clouds
31,Tura,IN,25.5198,90.2201,74.21,97,100,3.71,light rain
32,Khatanga,RU,71.9667,102.5,52.95,78,100,14.16,overcast clouds
33,Georgetown,MY,5.4112,100.3354,82.89,91,20,3.44,few clouds
34,Pochutla,MX,15.7432,-96.4661,86.83,72,100,3.33,overcast clouds
35,Kaitangata,NZ,-46.2817,169.8464,44.74,86,97,2.42,overcast clouds
36,Victoria,HK,22.2855,114.1577,87.33,84,0,5.99,clear sky
37,Husavik,IS,66.0449,-17.3389,49.98,82,87,3.51,overcast clouds
38,Saint George,US,37.1041,-113.5841,111.63,11,10,10.0,clear sky
39,Port Elizabeth,ZA,-33.918,25.5701,46.69,93,0,2.3,clear sky
40,Kapaa,US,22.0752,-159.319,82.11,71,25,7.0,scattered clouds
41,Dubbo,AU,-32.25,148.6167,50.13,81,40,11.5,scattered clouds
42,Saskylakh,RU,71.9167,114.0833,50.92,65,100,7.29,overcast clouds
43,Quatre Cocos,MU,-20.2078,57.7625,69.1,70,86,17.9,overcast clouds
44,Busselton,AU,-33.65,115.3333,58.48,79,71,9.19,broken clouds
45,Fortuna,US,40.5982,-124.1573,69.93,73,41,7.0,scattered clouds
46,Dikson,RU,73.5069,80.5464,43.18,93,100,15.77,light rain
47,Samarai,PG,-10.6167,150.6667,81.16,76,24,5.7,few clouds
48,Waitati,NZ,-45.75,170.5667,43.97,89,100,1.19,overcast clouds
49,Souillac,MU,-20.5167,57.5167,68.38,88,40,12.66,scattered clouds
50,Okhotsk,RU,59.3833,143.3,61.34,81,100,4.47,overcast clouds
51,Ahipara,NZ,-35.1667,173.1667,58.42,67,83,7.16,broken clouds
52,Upernavik,GL,72.7868,-56.1549,45.32,96,100,13.02,overcast clouds
53,Vila Velha,BR,-20.3297,-40.2925,73.35,89,75,2.3,broken clouds
54,Aktash,RU,50.3,87.7333,41.97,90,100,5.32,overcast clouds
55,Poum,NC,-20.2333,164.0167,77.59,83,99,23.26,overcast clouds
56,Pisco,PE,-13.7,-76.2167,62.65,77,100,14.97,overcast clouds
57,Labuhan,ID,-6.8844,112.2051,75.18,85,94,8.7,overcast clouds
58,Te Anau,NZ,-45.4167,167.7167,39.22,91,67,1.21,broken clouds
59,Heihe,CN,50.2441,127.4902,66.78,78,89,6.76,overcast clouds
60,Carutapera,BR,-1.195,-46.02,76.06,90,54,6.46,broken clouds
61,Honningsvag,NO,70.9821,25.9704,53.35,87,100,23.02,overcast clouds
62,Jamestown,US,42.097,-79.2353,82.06,58,0,14.97,clear sky
63,Egvekinot,RU,66.3167,-179.1667,45.23,52,85,10.69,overcast clouds
64,Constitucion,CL,-35.3333,-72.4167,53.17,88,49,10.83,scattered clouds
65,Bluff,NZ,-46.6,168.3333,43.81,81,90,8.12,overcast clouds
66,Sao Filipe,CV,14.8961,-24.4956,74.79,86,88,6.2,overcast clouds
67,Tabas,IR,33.5959,56.9244,89.8,12,0,4.18,clear sky
68,Punta Arenas,CL,-53.15,-70.9167,32.11,93,20,20.71,light rain
69,Thompson,CA,55.7435,-97.8558,66.36,63,75,6.91,broken clouds
70,Hasaki,JP,35.7333,140.8333,84.29,85,64,17.07,broken clouds
71,Pali,IN,25.7667,73.3333,82.96,75,92,13.15,overcast clouds
72,Port Alfred,ZA,-33.5906,26.891,57.18,77,0,8.39,clear sky
73,Coquimbo,CL,-29.9533,-71.3436,55.13,82,100,3.44,overcast clouds
74,Ornskoldsvik,SE,63.2909,18.7153,63.55,94,100,9.22,light intensity drizzle
75,Carnarvon,AU,-24.8667,113.6333,60.28,76,43,16.31,scattered clouds
76,Bandarbeyla,SO,9.4942,50.8122,76.44,79,15,29.26,few clouds
77,Hulan Ergi,CN,47.2042,123.6333,76.8,65,3,3.78,clear sky
78,Ivdel,RU,60.6911,60.4206,59.61,68,94,5.48,overcast clouds
79,Asfi,MA,32.2994,-9.2372,79.43,60,100,10.25,overcast clouds
80,Bredasdorp,ZA,-34.5322,20.0403,47.19,88,100,3.65,overcast clouds
81,Koslan,RU,63.4564,48.8989,58.75,77,11,5.35,few clouds
82,Portland,US,45.5234,-122.6762,89.26,49,13,5.01,few clouds
83,San Patricio,US,28.017,-97.5169,95.18,50,33,19.1,scattered clouds
84,Mar Del Plata,AR,-38.0023,-57.5575,51.1,67,0,5.75,clear sky
85,Wairoa,NZ,-39.0333,177.3667,48.54,82,100,14.0,overcast clouds
86,Rawlins,US,41.7911,-107.2387,89.35,5,1,20.96,clear sky
87,Mandalgovi,MN,45.7625,106.2708,59.14,55,100,15.03,overcast clouds
88,Saldanha,ZA,-33.0117,17.9442,46.45,81,99,10.38,overcast clouds
89,Tiksi,RU,71.6872,128.8694,42.06,81,91,8.39,overcast clouds
90,Hongjiang,CN,27.11,109.9956,77.94,90,44,3.89,scattered clouds
91,Hilo,US,19.7297,-155.09,84.27,90,75,5.75,light rain
92,Provideniya,RU,64.3833,-173.3,42.91,87,100,15.99,light rain
93,Nouadhibou,MR,20.931,-17.0347,75.18,88,18,10.36,few clouds
94,Soimi,RO,46.6833,22.1167,67.8,29,1,5.03,clear sky
95,Hermanus,ZA,-34.4187,19.2345,52.9,76,100,5.06,overcast clouds
96,Kushmurun,KZ,52.4503,64.6311,60.57,67,1,5.7,clear sky
97,Sorland,NO,67.667,12.6934,51.66,92,100,20.4,light rain
98,Nikolskoye,RU,59.7035,30.7861,65.8,89,0,3.09,clear sky
99,Saint-Philippe,RE,-21.3585,55.7679,65.21,79,52,12.62,light rain
100,Yellowknife,CA,62.456,-114.3525,70.32,37,75,9.22,broken clouds
101,Tasiilaq,GL,65.6145,-37.6368,39.07,78,84,3.15,broken clouds
102,Giyon,ET,8.5333,37.9833,55.42,91,84,1.23,broken clouds
103,Mykhaylivka,UA,47.2724,35.2224,63.77,69,10,8.68,clear sky
104,Lorengau,PG,-2.0226,147.2712,83.59,74,87,10.16,overcast clouds
105,Atuona,PF,-9.8,-139.0333,77.31,73,14,15.26,few clouds
106,Pitimbu,BR,-7.4706,-34.8086,73.99,85,93,8.3,overcast clouds
107,Port Blair,IN,11.6667,92.75,78.84,94,100,2.3,mist
108,Ewa Beach,US,21.3156,-158.0072,83.98,61,40,18.99,scattered clouds
109,Hithadhoo,MV,-0.6,73.0833,79.95,75,100,8.03,very heavy rain
110,Coos Bay,US,43.3665,-124.2179,75.31,87,32,1.01,scattered clouds
111,Port Hawkesbury,CA,45.6169,-61.3485,79.92,77,0,8.05,clear sky
112,Majene,ID,-3.5403,118.9707,77.25,90,96,11.07,overcast clouds
113,Ondjiva,AO,-17.0667,15.7333,55.29,35,0,6.93,clear sky
114,Kruisfontein,ZA,-34.0033,24.7314,49.44,87,37,5.48,scattered clouds
115,Bilibino,RU,68.0546,166.4372,45.19,61,98,8.21,overcast clouds
116,Mana,GF,5.6592,-53.7767,78.28,85,21,8.88,few clouds
117,Emba,KZ,48.8264,58.1442,73.58,37,99,12.19,overcast clouds
118,Pevek,RU,69.7008,170.3133,32.05,100,100,11.07,snow
119,Kavaratti,IN,10.5669,72.642,81.12,77,100,20.67,overcast clouds
120,Oranjemund,NA,-28.55,16.4333,55.38,77,1,5.79,clear sky
121,Bambanglipuro,ID,-7.95,110.2833,75.2,84,100,8.95,overcast clouds
122,Aklavik,CA,68.2191,-135.0107,66.2,68,75,8.05,broken clouds
123,Tomari,RU,47.7658,142.0683,60.82,82,100,4.07,overcast clouds
124,Plettenberg Bay,ZA,-34.0527,23.3716,54.95,70,69,3.98,broken clouds
125,Barrow,US,71.2906,-156.7887,46.42,76,75,27.63,broken clouds
126,Nieuw Nickerie,SR,5.95,-56.9833,79.47,83,30,10.38,scattered clouds
127,Malabo,GQ,3.75,8.7833,73.26,94,75,6.91,broken clouds
128,Dingle,PH,10.9995,122.6711,79.75,90,97,5.59,overcast clouds
129,Doha,QA,25.2867,51.5333,93.51,79,0,9.22,clear sky
130,Ponta Do Sol,PT,32.6667,-17.1,71.71,82,3,6.17,clear sky
131,New Norfolk,AU,-42.7826,147.0587,46.92,82,2,3.06,clear sky
132,Bloomfield,US,40.8068,-74.1854,95.92,43,20,13.8,few clouds
133,Charters Towers,AU,-20.1,146.2667,61.84,67,1,7.92,clear sky
134,Sioux Lookout,CA,50.1001,-91.917,77.07,44,40,12.66,scattered clouds
135,Chumikan,RU,54.7183,135.315,54.28,96,100,2.8,overcast clouds
136,Porto Novo,BJ,6.4965,2.6036,78.62,79,48,7.29,scattered clouds
137,East London,ZA,-33.0153,27.9116,58.82,77,2,7.54,clear sky
138,Hamilton,US,39.1834,-84.5333,89.44,50,0,4.0,clear sky
139,Livny,RU,52.4253,37.6069,55.42,95,79,11.18,broken clouds
140,Margate,GB,51.3813,1.3862,64.9,79,14,5.01,few clouds
141,Acapulco,MX,16.8634,-99.8901,85.46,72,91,6.6,overcast clouds
142,Laguna,US,38.421,-121.4238,103.75,24,0,4.61,clear sky
143,Fonte Boa,BR,-2.4959,-66.2662,74.35,97,81,1.88,broken clouds
144,Los Llanos De Aridane,ES,28.6585,-17.9182,67.75,83,0,18.41,clear sky
145,Longyearbyen,SJ,78.2186,15.6401,49.84,87,75,1.14,broken clouds
146,Esperanza,DO,19.5847,-70.9849,81.3,79,8,5.99,clear sky
147,Mindelo,CV,16.8901,-24.9804,76.55,73,40,9.22,scattered clouds
148,Bathsheba,BB,13.2167,-59.5167,83.01,88,20,20.71,few clouds
149,Chernyshevskiy,RU,63.0128,112.4714,61.9,76,67,3.31,broken clouds
150,Mehamn,NO,71.0357,27.8492,58.91,100,100,1.14,overcast clouds
151,Shirokiy,RU,49.758,129.523,68.74,85,22,3.65,few clouds
152,Padang,ID,-0.9492,100.3543,75.25,87,92,4.18,overcast clouds
153,Kahului,US,20.8947,-156.47,81.97,82,36,11.01,scattered clouds
154,Caravelas,BR,-17.7125,-39.2481,70.88,83,4,5.97,clear sky
155,Ashland,US,40.8167,-82.2665,83.26,57,0,9.84,clear sky
156,Salalah,OM,17.0151,54.0924,76.57,92,82,8.57,broken clouds
157,Rocha,UY,-34.4833,-54.3333,48.94,94,100,4.76,overcast clouds
158,Yichang,CN,30.7144,111.2847,79.41,89,84,2.73,broken clouds
159,Mumford,GH,5.2618,-0.759,73.6,82,25,8.39,scattered clouds
160,San Pedro,PH,14.35,121.0167,83.26,83,40,2.3,scattered clouds
161,Lompoc,US,34.6391,-120.4579,88.02,73,75,17.0,broken clouds
162,Mahebourg,MU,-20.4081,57.7,69.26,88,40,12.66,scattered clouds
163,Mayor Pablo Lagerenza,PY,-19.9309,-60.7718,85.96,22,49,10.83,scattered clouds
164,Popondetta,PG,-8.7537,148.2534,84.33,62,38,1.16,scattered clouds
165,Esperance,AU,-33.8667,121.9,52.57,81,55,17.76,broken clouds
166,Nanortalik,GL,60.1432,-45.2371,49.91,76,3,7.67,clear sky
167,Lagos,NG,6.5833,3.75,75.76,82,98,5.23,overcast clouds
168,Cabo San Lucas,MX,22.8909,-109.9124,98.19,59,79,14.9,broken clouds
169,Dunedin,NZ,-45.8742,170.5036,44.46,83,94,2.28,overcast clouds
170,Korla,CN,41.7597,86.1469,74.19,34,0,2.33,clear sky
171,Ishinomaki,JP,38.4167,141.3,73.4,98,100,12.75,light rain
172,Marolambo,MG,-20.05,48.1167,55.4,95,21,2.86,few clouds
173,Talnakh,RU,69.4865,88.3972,54.21,75,16,5.08,few clouds
174,Port-Cartier,CA,50.0334,-66.8654,68.22,92,100,7.25,heavy intensity rain
175,Atar,MR,20.5169,-13.0499,92.8,34,5,5.44,clear sky
176,Asau,RO,46.4333,26.4,63.52,48,0,4.63,clear sky
177,Kodinsk,RU,58.6881,99.1844,58.42,87,49,2.75,scattered clouds
178,Loubomo,CG,-4.1997,12.6739,66.72,88,38,6.13,scattered clouds
179,Rio Branco,BR,-9.9747,-67.81,83.01,54,0,3.44,clear sky
180,Dwarka,IN,22.2394,68.9678,82.54,81,100,18.95,overcast clouds
181,Richards Bay,ZA,-28.783,32.0377,66.18,84,79,6.04,broken clouds
182,Ardakan,IR,32.31,54.0175,86.95,16,0,3.69,clear sky
183,Lancaster,US,40.2504,-76.2499,88.18,59,27,13.56,scattered clouds
184,Pacific Grove,US,36.6177,-121.9166,84.24,80,40,12.66,scattered clouds
185,Rudsar,IR,37.1376,50.288,76.37,83,54,7.09,broken clouds
186,Norman Wells,CA,65.282,-126.8329,73.44,53,75,3.44,broken clouds
187,Udachnyy,RU,66.4167,112.4,50.45,100,100,1.74,overcast clouds
188,Coruripe,BR,-10.1256,-36.1756,72.88,84,70,7.34,broken clouds
189,Gravdal,NO,68.1214,13.5031,53.42,90,100,15.97,overcast clouds
190,Meulaboh,ID,4.1363,96.1285,77.2,83,99,5.23,overcast clouds
191,Ola,RU,59.5833,151.2833,71.15,63,89,2.44,overcast clouds
192,Lerwick,GB,60.1545,-1.1494,48.2,86,51,9.17,broken clouds
193,Niquero,CU,20.0431,-77.5828,85.86,66,23,5.41,few clouds
194,Puerto Ayora,EC,-0.7393,-90.3518,78.76,94,53,5.01,broken clouds
195,Abdulino,RU,53.7,53.6667,58.71,79,78,4.97,broken clouds
196,Obo,CF,5.3998,26.4869,66.67,98,99,2.42,overcast clouds
197,Beira,MZ,-19.8436,34.8389,69.89,94,20,5.99,few clouds
198,Batemans Bay,AU,-35.7167,150.1833,53.1,82,87,2.93,overcast clouds
199,Yulara,AU,-25.2406,130.9889,51.21,39,0,5.01,clear sky
200,Denpasar,ID,-8.65,115.2167,78.46,83,75,8.05,broken clouds
201,Cidreira,BR,-30.1811,-50.2056,62.64,90,93,4.0,overcast clouds
202,Buinsk,RU,54.95,48.2833,62.65,78,98,10.78,overcast clouds
203,Grindavik,IS,63.8424,-22.4338,53.55,100,100,4.61,light intensity drizzle
204,Torbay,CA,47.6666,-52.7314,68.77,74,75,9.22,broken clouds
205,Tera,NE,14.0078,0.7531,89.51,45,100,8.75,overcast clouds
206,Tuatapere,NZ,-46.1333,167.6833,44.46,91,99,2.86,overcast clouds
207,Qaanaaq,GL,77.484,-69.3632,43.75,91,100,10.49,light rain
208,Geraldton,AU,-28.7667,114.6,54.01,87,100,10.36,overcast clouds
209,Sragen,ID,-7.4264,111.0222,72.07,87,92,6.51,overcast clouds
210,Tuktoyaktuk,CA,69.4541,-133.0374,55.4,88,75,6.91,broken clouds
211,Lensk,RU,60.7253,114.9278,62.74,90,96,1.28,overcast clouds
212,Esna,EG,25.2934,32.554,89.62,16,1,11.97,clear sky
213,Hofn,IS,64.2539,-15.2082,50.74,87,32,2.42,scattered clouds
214,Yumen,CN,40.2833,97.2,67.37,27,0,7.31,clear sky
215,Katsuura,JP,35.1333,140.3,82.42,85,41,15.84,scattered clouds
216,Anadyr,RU,64.75,177.4833,54.1,54,40,15.66,scattered clouds
217,Narsaq,GL,60.9167,-46.05,50.77,78,11,5.3,few clouds
218,Bengkulu,ID,-3.8004,102.2655,74.66,90,82,4.88,broken clouds
219,Salto,UY,-31.3833,-57.9667,64.87,83,92,8.01,light rain
220,Namibe,AO,-15.1961,12.1522,62.78,87,18,3.44,few clouds
221,Naples,IT,40.8333,14.25,81.21,74,0,2.3,clear sky
222,Palanga,LT,55.9175,21.0686,69.82,73,20,2.3,few clouds
223,Puerto Escondido,MX,15.85,-97.0667,84.52,76,99,3.27,overcast clouds
224,Belgaum,IN,15.8667,74.5,67.95,95,97,6.51,overcast clouds
225,Rawson,AR,-43.3002,-65.1023,44.91,52,100,12.97,overcast clouds
226,Oktyabrskoye,RU,43.0645,44.7417,64.54,93,100,2.24,light intensity drizzle
227,Rio Gallegos,AR,-51.6226,-69.2181,32.05,74,0,19.57,clear sky
228,Marihatag,PH,8.7936,126.2969,79.56,85,87,2.8,light rain
229,Muros,ES,42.7762,-9.0603,68.09,83,77,15.7,broken clouds
230,Port Hardy,CA,50.6996,-127.4199,59.18,77,40,13.8,scattered clouds
231,Svetlyy,RU,54.675,20.1347,70.97,60,14,7.25,few clouds
232,Saint-Ambroise,CA,48.5501,-71.3324,76.82,83,61,3.44,broken clouds
233,Zhigalovo,RU,54.8097,105.1578,59.45,78,100,2.48,overcast clouds
234,Chapais,CA,49.7834,-74.8492,64.18,91,100,12.82,overcast clouds
235,Agotnes,NO,60.4061,5.0189,54.16,82,40,10.36,scattered clouds
236,Cap Malheureux,MU,-19.9842,57.6142,69.48,73,79,5.99,broken clouds
237,Vostok,RU,46.4856,135.8833,61.39,98,99,1.28,overcast clouds
238,Krasnoselkup,RU,65.7,82.4667,50.63,81,71,3.29,broken clouds
239,Lakatoro,VU,-16.0999,167.4164,81.39,79,26,13.53,scattered clouds
240,Menongue,AO,-14.6585,17.691,51.37,43,5,3.18,clear sky
241,Alta Floresta,BR,-9.8756,-56.0861,76.75,36,0,0.69,clear sky
242,Nome,US,64.5011,-165.4064,48.16,81,100,11.92,light rain
243,Shihezi,CN,44.3,86.0333,73.06,26,0,3.87,clear sky
244,Traverse City,US,44.7631,-85.6206,85.98,38,0,8.66,clear sky
245,Aswan,EG,24.0934,32.907,88.9,18,0,13.8,clear sky
246,Marrakesh,MA,31.6315,-8.0083,91.47,29,40,6.91,scattered clouds
247,Abnub,EG,27.2696,31.1511,82.62,32,0,15.93,clear sky
248,Vilhena,BR,-12.7406,-60.1458,82.62,42,0,6.91,clear sky
249,Lamu,KE,-2.2717,40.902,74.08,82,32,18.68,light rain
250,Sorong,ID,-0.8833,131.25,78.48,88,16,10.92,few clouds
251,Erzin,TR,36.9559,36.2,74.55,69,0,2.62,clear sky
252,Goderich,CA,43.7501,-81.7165,80.92,54,0,9.22,clear sky
253,Sabang,ID,5.8933,95.3214,82.71,74,100,15.77,overcast clouds
254,High Level,CA,58.5169,-117.136,53.71,100,100,6.91,heavy intensity rain
255,Bocaiuva,BR,-17.1078,-43.815,69.51,47,5,5.82,clear sky
256,Warrington,GB,53.3925,-2.5802,63.32,84,75,5.75,broken clouds
257,Grand Forks,US,47.9417,-97.4337,85.93,39,40,12.66,scattered clouds
258,Palana,RU,59.1167,159.9667,57.76,63,5,8.68,clear sky
259,Haines Junction,CA,60.7522,-137.5108,64.35,42,100,10.36,overcast clouds
260,Sao Mateus,BR,-18.7161,-39.8589,68.09,83,11,4.23,few clouds
261,Deputatskiy,RU,69.3,139.9,49.12,64,15,11.07,few clouds
262,Recco,IT,44.3623,9.1435,82.15,78,0,4.94,clear sky
263,Vieux-Habitants,GP,16.0589,-61.7659,81.97,79,5,13.47,clear sky
264,Kaeo,NZ,-35.1,173.7833,59.32,75,70,6.71,broken clouds
265,Alofi,NU,-19.0595,-169.9187,78.69,69,40,8.05,scattered clouds
266,Natal,BR,-5.795,-35.2094,75.42,94,75,4.61,broken clouds
267,Qarqin,AF,37.4185,66.0436,90.95,13,0,5.64,clear sky
268,Preobrazheniye,RU,42.9019,133.9064,64.27,96,100,8.68,overcast clouds
269,Beisfjord,NO,68.3751,17.5988,55.04,92,97,1.7,overcast clouds
270,Grand Gaube,MU,-20.0064,57.6608,69.39,73,80,5.99,broken clouds
271,Tarakan,ID,3.3,117.6333,76.5,88,40,4.61,scattered clouds
272,Isangel,VU,-19.55,169.2667,79.68,72,3,17.31,clear sky
273,Road Town,VG,18.4167,-64.6167,82.44,83,20,12.66,few clouds
274,Hun,LY,29.1268,15.9477,77.43,51,0,7.29,clear sky
275,Anori,BR,-3.7728,-61.6442,79.27,76,76,0.65,broken clouds
276,Cayenne,GF,4.9333,-52.3333,83.08,1,20,3.44,few clouds
277,Zholymbet,KZ,51.7433,71.7122,58.19,73,0,8.14,clear sky
278,Pestovo,RU,58.5938,35.8024,57.54,83,46,4.45,scattered clouds
279,Vardo,NO,70.3705,31.1107,53.58,100,100,2.3,overcast clouds
280,Matay,EG,28.419,30.7792,78.96,45,0,12.68,clear sky
281,Ilulissat,GL,69.2167,-51.1,41.77,91,100,6.13,overcast clouds
282,Pemangkat,ID,1.1667,108.9667,78.08,87,97,8.57,light rain
283,Coromandel,BR,-18.4733,-47.2003,64.74,48,12,3.6,few clouds
284,El Carmen,CO,8.5106,-73.4478,71.89,91,96,3.29,overcast clouds
285,Mahajanga,MG,-15.7167,46.3167,68.02,60,0,8.05,clear sky
286,Baykit,RU,61.67,96.37,59.61,79,21,2.42,few clouds
287,Chokurdakh,RU,70.6333,147.9167,53.56,35,0,8.86,clear sky
288,Rundu,NA,-17.9333,19.7667,61.77,38,87,6.42,overcast clouds
289,Bairiki,KI,1.3292,172.9752,82.4,83,75,4.61,broken clouds
290,Vestmannaeyjar,IS,63.4427,-20.2734,51.78,98,100,4.61,overcast clouds
291,Santa Maria,BR,-29.6842,-53.8069,69.1,94,0,1.14,clear sky
292,Katangli,RU,51.7102,143.2326,53.62,97,100,12.01,overcast clouds
293,Pervomayskiy,RU,53.2485,40.2871,56.64,91,96,11.59,light rain
294,Port Lincoln,AU,-34.7333,135.8667,55.4,63,100,19.55,overcast clouds
295,Varzea Da Palma,BR,-17.5981,-44.7308,69.48,44,1,3.33,clear sky
296,Itarare,BR,-24.1125,-49.3317,63.25,73,63,4.21,broken clouds
297,Kotelnikovo,RU,47.6317,43.1461,64.62,58,14,6.4,few clouds
298,Muravlenko,RU,63.7898,74.523,49.68,65,84,5.19,broken clouds
299,Fairview,US,40.8126,-73.999,95.49,42,53,8.99,broken clouds
300,Fukue,JP,32.6881,128.8419,78.04,72,40,11.21,scattered clouds
301,Rio Cuarto,AR,-33.1307,-64.3499,56.97,44,0,11.5,clear sky
302,Hami,CN,42.8,93.45,73.08,26,0,2.39,clear sky
303,Viedma,AR,-40.8135,-62.9967,44.11,50,98,10.33,overcast clouds
304,Rio Cauto,CU,20.5603,-76.9161,82.9,72,29,6.17,scattered clouds
305,Nadaun,IN,31.7833,76.35,77.49,90,100,3.62,overcast clouds
306,Srednekolymsk,RU,67.45,153.6833,53.82,40,0,8.03,clear sky
307,Lima,PE,-12.0432,-77.0282,59.25,72,100,6.91,overcast clouds
308,Weligama,LK,5.9667,80.4167,76.95,90,100,15.01,moderate rain
309,Krosno Odrzanskie,PL,52.0549,15.0988,69.66,86,54,4.72,broken clouds
310,Ostrovnoy,RU,68.0531,39.5131,54.54,86,96,5.41,overcast clouds
311,Ketchikan,US,55.3422,-131.6461,62.56,69,85,3.33,overcast clouds
312,Khash,IR,28.2211,61.2158,79.79,55,36,4.09,scattered clouds
313,Hope,US,33.6671,-93.5916,89.65,88,94,19.17,overcast clouds
314,Taltal,CL,-25.4,-70.4833,59.0,85,9,3.09,clear sky
315,Kananga,CD,-5.8958,22.4178,73.98,47,38,3.74,scattered clouds
316,Yeniseysk,RU,58.4497,92.1703,56.77,93,97,6.62,overcast clouds
317,Gornopravdinsk,RU,60.05,69.9,47.43,89,8,4.18,clear sky
318,Tooele,US,40.5308,-112.2983,98.56,24,0,8.05,clear sky
319,Lavrentiya,RU,65.5833,-171.0,40.53,81,100,20.42,light rain
320,Tadine,NC,-21.55,167.8833,76.86,81,46,15.01,scattered clouds
321,Bilma,NE,18.6853,12.9164,93.02,26,96,7.31,overcast clouds
322,Henties Bay,NA,-22.116,14.2845,58.68,70,0,3.29,clear sky
323,Lubumbashi,CD,-11.6609,27.4794,58.5,64,21,4.63,few clouds
324,Lazaro Cardenas,MX,17.9583,-102.2,87.01,68,41,7.45,scattered clouds
325,Biloela,AU,-24.4167,150.5,61.59,88,37,9.91,moderate rain
326,Sur,OM,22.5667,59.5289,86.41,71,86,10.69,overcast clouds
327,Ibirataia,BR,-14.0669,-39.6406,64.51,99,46,1.39,scattered clouds
328,Mecca,SA,21.4267,39.8261,86.09,54,59,2.44,broken clouds
329,Igarka,RU,67.4667,86.5833,54.61,78,87,7.02,overcast clouds
330,Lexington Park,US,38.2668,-76.4538,87.12,79,75,13.8,broken clouds
331,Sechura,PE,-5.5569,-80.8222,70.81,59,36,13.89,scattered clouds
332,Livingston,GB,55.9029,-3.5226,58.86,80,0,6.91,clear sky
333,Kodiak,US,57.79,-152.4072,53.11,87,100,5.75,light rain
334,Chuy,UY,-33.6971,-53.4616,51.85,89,92,6.29,overcast clouds
335,Montepuez,MZ,-13.1256,38.9997,62.92,87,24,7.36,few clouds
336,Santa Cruz,BO,-17.8,-63.1667,80.65,54,75,16.11,broken clouds
337,Juba,SS,4.8517,31.5825,69.03,83,36,2.39,light rain
338,Waingapu,ID,-9.6567,120.2641,75.31,77,85,11.9,overcast clouds
339,The Valley,AI,18.217,-63.0578,84.34,70,20,16.11,few clouds
340,Iqaluit,CA,63.7506,-68.5145,42.53,93,40,4.61,fog
341,Yazman,PK,29.1212,71.7446,83.55,70,100,2.35,light rain
342,Thenzawl,IN,23.3167,92.75,68.59,99,100,2.15,overcast clouds
343,Mabaruma,GY,8.2,-59.7833,75.85,93,53,4.65,broken clouds
344,Dong Hoi,VN,17.4833,106.6,77.36,82,87,2.28,overcast clouds
345,Waw,SS,7.7029,27.9953,70.39,95,100,3.06,overcast clouds
346,Merauke,ID,-8.4667,140.3333,78.12,79,34,8.63,scattered clouds
347,Havoysund,NO,70.9963,24.6622,53.83,99,100,14.0,light rain
348,Wanxian,CN,30.8039,108.3897,78.96,88,100,3.67,overcast clouds
349,Lasa,IT,46.6166,10.7002,69.37,87,45,2.44,scattered clouds
350,Talaya,RU,61.3833,152.75,53.4,64,100,5.57,overcast clouds
351,Beloha,MG,-25.1667,45.05,63.93,79,1,5.12,clear sky
352,Nyurba,RU,63.2842,118.3319,55.87,88,100,4.61,overcast clouds
353,Riyadh,SA,24.6877,46.7219,95.14,10,37,9.86,scattered clouds
354,Cartagena Del Chaira,CO,1.3349,-74.8429,72.01,91,93,1.74,overcast clouds
355,San Fernando,PH,15.0286,120.6898,82.13,79,63,2.19,broken clouds
356,Silvino Lobos,PH,12.3,124.8333,77.9,95,98,1.86,overcast clouds
357,Hobyo,SO,5.3505,48.5268,75.47,83,20,24.63,few clouds
358,Port-Gentil,GA,-0.7193,8.7815,75.16,88,75,10.36,broken clouds
359,Seaford,GB,50.7714,0.1027,66.09,82,26,13.0,scattered clouds
360,Turukhansk,RU,65.8167,87.9833,56.77,92,100,8.43,overcast clouds
361,Halifax,CA,44.6453,-63.5724,75.09,91,100,9.22,mist
362,Agadez,NE,19.75,10.25,92.08,17,66,5.7,broken clouds
363,Dakar,SN,14.6937,-17.4441,82.53,78,75,4.61,broken clouds
364,Kutum,SD,14.2,24.6667,75.74,55,97,4.38,overcast clouds
365,Lata,PT,40.1629,-8.3327,58.95,95,35,0.78,scattered clouds
366,Mehtar Lam,AF,34.6714,70.2094,80.64,79,99,4.18,overcast clouds
367,Vestmanna,FO,62.1564,-7.1664,45.52,93,51,1.14,broken clouds
368,Nioro,GM,13.35,-15.75,76.39,95,100,6.49,moderate rain
369,Gagnoa,CI,6.1293,-5.9437,67.55,95,83,3.0,broken clouds
370,Casino,AU,-28.8667,153.05,58.82,90,100,7.0,moderate rain
371,Mazamari,PE,-11.3258,-74.5308,76.42,69,3,1.03,clear sky
372,Nanchang,CN,28.6833,115.8833,84.42,74,79,6.24,broken clouds
373,Fort Wellington,GY,6.4,-57.6,78.51,84,50,9.51,scattered clouds
374,Sibolga,ID,1.7427,98.7792,75.33,88,96,3.4,overcast clouds
375,Marsh Harbour,BS,26.5412,-77.0636,83.35,72,14,10.87,few clouds
376,Capilla De Guadalupe,MX,20.8333,-102.5833,83.62,21,14,2.98,few clouds
377,Namatanai,PG,-3.6667,152.4333,82.94,71,85,5.95,overcast clouds
378,Leningradskiy,RU,69.3833,178.4167,35.96,99,100,8.21,light rain
379,Imeni Zhelyabova,RU,58.9544,36.5956,60.26,75,99,4.38,overcast clouds
380,Severo-Kurilsk,RU,50.6789,156.125,53.83,96,100,25.26,heavy intensity rain
381,Caceres,ES,39.522,-6.3748,78.87,35,94,6.44,overcast clouds
382,Oldenzaal,NL,52.3,6.9333,61.93,92,100,5.99,overcast clouds
383,Vaitape,PF,-16.5167,-151.75,77.5,72,12,10.65,light rain
384,Churapcha,RU,62.0025,132.4325,76.06,54,1,5.82,clear sky
385,Bonfim,BR,3.0833,-59.95,78.31,82,98,6.15,overcast clouds
386,Hengyang,CN,26.8881,112.615,80.89,84,35,4.18,scattered clouds
387,Klaksvik,FO,62.2266,-6.589,47.32,86,47,3.65,scattered clouds
388,Santiago,CL,-33.4569,-70.6483,61.75,48,0,5.75,clear sky
389,Aketi,CD,2.7388,23.7833,70.41,100,100,2.24,moderate rain
390,Piacabucu,BR,-10.4056,-36.4344,72.86,83,74,6.17,broken clouds
391,Cabedelo,BR,-6.9811,-34.8339,74.07,83,96,7.63,overcast clouds
392,Ruteng,ID,-8.6136,120.4721,61.07,92,54,4.29,broken clouds
393,Sola,VU,-13.8833,167.55,80.28,82,77,17.83,moderate rain
394,Ust-Ilimsk,RU,58.0006,102.6619,62.37,67,71,3.27,broken clouds
395,Rairangpur,IN,22.2676,86.1751,79.65,85,100,1.74,overcast clouds
396,Nanakuli,US,21.3906,-158.1547,83.98,61,40,14.97,scattered clouds
397,Vuktyl,RU,63.8567,57.3094,53.56,71,38,6.24,scattered clouds
398,Tamiahua,MX,21.2667,-97.45,86.77,68,81,14.88,broken clouds
399,Genhe,CN,50.7833,121.5167,71.67,64,18,1.63,few clouds
400,Noumea,NC,-22.2763,166.4572,80.58,99,58,8.66,broken clouds
401,Moroni,KM,-11.7022,43.2551,73.18,79,4,7.96,clear sky
402,Bonavista,CA,48.6499,-53.1147,58.03,90,34,7.31,scattered clouds
403,Kailua,US,21.4022,-157.7394,84.18,70,40,14.97,moderate rain
404,Opuwo,NA,-18.0607,13.84,59.38,30,0,8.01,clear sky
405,Broome,US,42.2506,-75.833,85.08,58,69,5.01,broken clouds
406,Invermere,CA,50.5167,-116.0354,91.42,17,35,7.23,scattered clouds
407,Raga,SS,8.4596,25.678,68.14,97,100,3.15,overcast clouds
408,Lebu,CL,-37.6167,-73.65,50.99,89,99,11.03,light rain
409,San Cristobal,VE,7.7669,-72.225,71.78,84,89,4.34,overcast clouds
410,Walvis Bay,NA,-22.9575,14.5053,56.35,67,0,1.14,clear sky
411,Fairbanks,US,64.8378,-147.7164,66.22,56,100,1.01,overcast clouds
412,Sokol,RU,59.4617,40.1206,56.37,83,72,5.01,broken clouds
413,Yar-Sale,RU,66.8333,70.8333,43.52,86,100,12.53,light rain
414,Lukulu,ZM,-14.3707,23.242,68.32,36,99,8.93,overcast clouds
415,Nagornskiy,RU,58.7731,57.5451,51.01,97,25,1.66,scattered clouds
416,Taksimo,RU,56.3444,114.8794,63.05,82,99,1.32,overcast clouds
417,Xifeng,CN,42.7372,124.7222,72.57,87,62,4.23,broken clouds
418,Eyl,SO,7.9803,49.8164,76.17,76,32,22.66,scattered clouds
419,Shingu,JP,33.7333,135.9833,84.04,76,6,2.57,clear sky
420,Ban Nahin,LA,18.2418,104.2122,74.21,98,100,2.48,overcast clouds
421,Maralal,KE,1.0968,36.698,58.3,66,89,6.35,overcast clouds
422,Saint Anthony,US,45.0205,-93.218,87.82,35,40,14.97,scattered clouds
423,Marawi,PH,7.9986,124.2928,71.28,90,100,2.15,overcast clouds
424,Kiunga,PG,-6.1219,141.2906,73.53,99,100,1.03,overcast clouds
425,Bandipur,NP,27.9333,84.4167,67.03,90,99,1.66,overcast clouds
426,Tshane,BW,-24.0196,21.8684,56.44,43,7,7.61,clear sky
427,Zyryanka,RU,65.75,150.85,58.66,49,10,2.46,clear sky
428,College,US,64.8569,-147.8028,66.2,59,100,1.01,overcast clouds
429,Upington,ZA,-28.4478,21.2561,59.56,36,0,7.47,clear sky
430,Surt,LY,31.2089,16.5887,78.42,65,0,7.72,clear sky
431,Luderitz,NA,-26.6481,15.1594,64.18,47,0,4.72,clear sky
432,Chicama,PE,-7.8447,-79.1469,67.73,68,84,7.2,broken clouds
433,Rottenmann,AT,47.5167,14.35,64.42,97,99,2.93,overcast clouds
434,Sinnamary,GF,5.3833,-52.95,78.01,85,31,7.87,scattered clouds
435,Abalak,RU,58.1286,68.5944,48.11,88,65,5.84,broken clouds
436,Mount Isa,AU,-20.7333,139.5,47.97,46,0,6.91,clear sky
437,Bela,IN,25.9333,81.9833,83.41,78,100,4.65,overcast clouds
438,Vila Franca Do Campo,PT,37.7167,-25.4333,73.2,81,69,2.59,broken clouds
439,Aguilas,ES,37.4063,-1.5829,79.45,73,0,1.14,clear sky
440,Skelleftea,SE,64.7507,20.9528,64.76,100,100,5.75,overcast clouds
441,Soyo,AO,-6.1349,12.3689,69.46,90,13,10.0,few clouds
442,Merrill,US,45.1805,-89.6835,81.9,47,40,9.22,scattered clouds
443,Pangnirtung,CA,66.1451,-65.7125,42.8,93,100,8.05,overcast clouds
444,Estelle,US,29.8458,-90.1067,86.0,71,75,8.05,broken clouds
445,Freeport,US,40.6576,-73.5832,97.99,44,60,1.99,broken clouds
446,Benguela,AO,-12.5763,13.4055,67.5,85,60,4.63,broken clouds
447,Waipawa,NZ,-41.4122,175.5153,46.33,74,96,13.24,overcast clouds
448,Pascagoula,US,30.3658,-88.5561,92.12,78,73,16.73,broken clouds
449,Hensall,CA,43.4334,-81.4998,85.89,51,23,8.57,few clouds
450,Petrila,RO,45.45,23.4167,64.31,40,0,4.92,clear sky
451,Ouallam,NE,14.3188,2.0866,87.87,48,97,9.22,overcast clouds
452,Loa Janan,ID,-0.583,117.095,73.47,99,69,1.41,broken clouds
453,Ancud,CL,-41.8697,-73.8203,41.23,91,100,2.91,light rain
454,Bud,US,39.447,-86.1758,89.92,54,0,7.74,clear sky
455,Nizwa,OM,22.9333,57.5333,84.24,75,68,2.98,broken clouds
456,Avera,US,33.194,-82.5271,89.11,65,100,7.0,overcast clouds
457,Tiarei,PF,-17.5333,-149.3333,80.62,76,15,10.38,light rain
458,Tsabong,BW,-26.0217,22.401,59.68,40,17,7.0,few clouds
459,Krini,GR,39.387,22.3509,74.48,33,0,2.71,clear sky
460,Wajima,JP,37.4,136.9,75.16,92,99,11.36,light rain
461,Krutinka,RU,56.0055,71.5113,55.08,98,63,8.01,broken clouds
462,Nemuro,JP,43.3236,145.575,59.59,86,0,5.5,clear sky
463,Batagay,RU,67.6333,134.6333,63.55,56,90,3.04,overcast clouds
464,Taoudenni,ML,22.6783,-3.9836,88.32,45,46,13.18,light rain
465,Seduva,LT,55.7667,23.7667,63.03,82,15,2.33,few clouds
466,Sao Joao Da Barra,BR,-21.6403,-41.0511,70.16,86,5,10.42,clear sky
467,Sault Sainte Marie,CA,46.5168,-84.3333,71.42,64,20,10.36,few clouds
468,Suffolk,US,40.8668,-72.7996,84.88,88,20,10.36,few clouds
469,Santa Fe,AR,-31.6333,-60.7,61.0,80,100,4.0,light rain
470,Narok,KE,-1.0783,35.8601,54.61,81,87,7.78,overcast clouds
471,Paamiut,GL,61.994,-49.6678,46.83,86,7,9.44,clear sky
472,Kapit,MY,2.0167,112.9333,74.07,99,100,1.28,overcast clouds
473,Ivanava,BY,52.1451,25.5365,62.31,92,9,7.09,clear sky
474,Lisakovsk,KZ,52.5369,62.4936,59.43,67,1,6.91,clear sky
475,Irbeyskoye,RU,55.6428,95.4522,61.38,67,97,1.25,overcast clouds
476,Jinchang,CN,38.4953,102.1739,60.37,49,0,7.85,clear sky
477,Jaru,BR,-10.4389,-62.4664,79.74,40,0,1.61,clear sky
478,San Quintin,MX,30.4833,-115.95,73.53,68,100,13.42,overcast clouds
479,Cusuna,HN,15.85,-85.2333,84.45,65,30,10.54,scattered clouds
480,Nara,JP,34.6851,135.8049,81.5,55,51,9.46,broken clouds
481,Leh,IN,34.1667,77.5833,64.53,20,95,4.99,overcast clouds
482,Half Moon Bay,US,37.4636,-122.4286,91.54,75,100,25.32,mist
483,Cozumel,MX,20.5083,-86.9458,82.99,80,41,5.99,scattered clouds
484,Erenhot,CN,43.6475,111.9767,70.77,47,100,21.03,light rain
485,Najran,SA,17.4924,44.1277,83.1,35,71,2.42,broken clouds
486,Dudinka,RU,69.4058,86.1778,54.63,79,32,7.07,scattered clouds
487,Rengasdengklok,ID,-6.1592,107.2981,74.98,85,70,3.89,broken clouds
488,Kathu,TH,7.9178,98.3332,84.74,85,100,4.85,overcast clouds
489,Sarangani,PH,5.4033,125.4636,82.47,73,100,5.68,overcast clouds
490,Whitehorse,CA,60.7161,-135.0538,65.17,44,75,16.11,broken clouds
491,Morondava,MG,-20.2833,44.2833,69.04,71,0,11.54,clear sky
492,Arman,RU,59.7,150.1667,71.02,75,40,2.3,scattered clouds
493,Timiryazevskiy,RU,56.49,84.8769,61.75,98,97,7.31,light rain
494,Ambilobe,MG,-13.2,49.05,64.78,74,28,5.14,scattered clouds
495,Maraa,BR,-1.8333,-65.3667,74.25,96,83,2.84,broken clouds
496,Hit,IQ,33.6416,42.8251,91.06,17,0,11.16,clear sky
497,Poronaysk,RU,49.2167,143.1167,57.04,96,100,4.05,overcast clouds
498,Baisha,CN,26.5222,110.9311,77.86,88,55,3.71,broken clouds
499,Reforma,MX,18.1,-91.0167,88.92,63,48,4.81,scattered clouds
500,Liku,ID,-0.7275,119.8922,75.56,90,81,3.02,broken clouds
501,Opunake,NZ,-39.4556,173.8583,55.45,69,94,19.48,overcast clouds
502,Sundsvall,SE,62.3913,17.3063,62.56,98,100,9.22,light rain
503,Aykhal,RU,66.0,111.5,55.98,83,100,2.17,overcast clouds
504,Orlik,RU,52.5178,99.825,52.07,80,92,0.6,overcast clouds
505,Nantucket,US,41.2835,-70.0995,78.85,93,44,22.24,light rain
506,Dalbandin,PK,28.8947,64.4101,87.96,54,18,5.23,few clouds
507,Qandala,SO,11.472,49.8728,87.76,50,71,12.03,broken clouds
508,Mayo,US,38.8876,-76.5119,90.48,77,90,4.68,overcast clouds
509,Tianpeng,CN,30.9866,103.9393,66.97,96,100,3.6,overcast clouds
510,Ignacio Zaragoza,MX,28.3833,-107.2167,86.81,21,79,10.83,broken clouds
511,Saint-Francois,FR,46.4154,3.9054,62.04,88,0,3.44,clear sky
512,Gumdag,TM,39.2061,54.5906,80.87,58,0,9.1,clear sky
513,Bosaso,SO,11.2842,49.1816,89.13,36,42,23.06,scattered clouds
514,Inhambane,MZ,-23.865,35.3833,67.12,84,0,4.52,clear sky
515,Rancho Palos Verdes,US,33.7445,-118.387,91.45,77,40,19.57,scattered clouds
516,Bereda,ES,43.2686,-7.5406,66.42,100,93,6.02,overcast clouds
517,Osakarovka,KZ,50.565,72.5692,59.11,64,25,5.99,scattered clouds
518,Batagay-Alyta,RU,67.8006,130.4114,55.83,65,92,4.05,overcast clouds
519,Mucuri,BR,-18.0864,-39.5508,71.71,79,0,7.45,clear sky
520,Vokhtoga,RU,58.8147,41.0461,54.09,88,72,3.29,broken clouds
521,Clyde River,CA,70.4692,-68.5914,37.8,95,100,3.4,overcast clouds
522,Hornepayne,CA,49.2138,-84.7705,72.1,55,28,8.25,scattered clouds
523,Kantunilkin,MX,21.0917,-87.45,89.53,50,84,6.67,broken clouds
524,Belorechensk,RU,44.76,39.87,58.41,79,5,4.92,clear sky
525,Yangshan,CN,28.7615,115.0287,79.83,79,79,3.18,broken clouds
526,Vanimo,PG,-2.6741,141.3028,78.4,87,100,5.21,overcast clouds
527,Ahlat,TR,38.7518,42.4814,64.31,40,0,3.65,clear sky
528,Bonthe,SL,7.5264,-12.505,76.68,80,97,11.63,overcast clouds
529,Turochak,RU,52.2576,87.1224,56.5,98,100,3.83,light rain
530,Svetlogorsk,BY,52.6333,29.7333,58.44,95,37,7.16,scattered clouds
531,Gazojak,TM,41.1875,61.4036,92.3,16,0,13.78,clear sky
532,Saint-Augustin,CA,51.226,-58.6502,67.91,59,81,5.59,broken clouds
533,Salinopolis,BR,-0.6136,-47.3561,78.57,83,73,7.92,broken clouds
534,Anshan,CN,41.1236,122.99,72.64,89,54,5.82,broken clouds
535,Sesheke,ZM,-17.4759,24.2968,59.97,59,39,4.36,scattered clouds
536,Warwick,US,41.7001,-71.4162,83.77,80,75,20.71,mist
537,Kamogawa,JP,35.1,140.1,82.36,82,32,13.94,scattered clouds
538,Eydhafushi,MV,5.1033,73.0708,82.62,74,100,17.69,overcast clouds
539,Beranang,MY,2.8733,101.8697,78.55,93,68,2.62,broken clouds
540,Suruc,TR,36.9761,38.425,78.82,30,0,17.07,clear sky
541,Shushenskoye,RU,53.325,91.9356,59.94,76,85,3.74,overcast clouds
542,Waddan,LY,29.1614,16.139,76.62,54,0,10.11,clear sky
543,Algeciras,ES,36.1333,-5.4505,74.88,88,75,14.97,mist
544,Along,IN,28.1667,94.7667,74.21,99,100,1.81,overcast clouds
545,Blacksburg,US,37.2296,-80.4139,86.97,65,0,4.61,clear sky
546,Sucua,EC,-2.4667,-78.1667,71.04,83,83,0.76,broken clouds
547,Oistins,BB,13.0667,-59.5333,81.52,76,17,18.81,few clouds
548,Yangjiang,CN,21.85,111.9667,79.47,89,21,3.56,few clouds
549,Nhulunbuy,AU,-12.2333,136.7667,74.01,49,48,9.22,scattered clouds
550,Sete,FR,43.4018,3.6966,78.66,66,0,7.43,clear sky
551,Turka,UA,49.1541,23.0297,56.8,67,0,1.74,clear sky
552,Novyy Urgal,RU,51.0736,132.5642,65.25,79,80,2.93,broken clouds
553,Linjiang,CN,41.8069,126.9078,69.48,94,90,1.1,overcast clouds
554,Paracuru,BR,-3.41,-39.0306,76.1,81,81,9.8,broken clouds
555,Alepe,CI,5.5004,-3.6631,76.87,83,52,3.0,broken clouds
556,Tazovskiy,RU,67.4667,78.7,43.47,84,100,4.36,overcast clouds
557,Yaan,NG,7.3833,8.5667,71.06,96,96,5.01,overcast clouds
558,Dickinson,US,29.4608,-95.0513,96.13,65,31,5.99,scattered clouds
559,Baculin,PH,7.4525,126.5842,80.6,80,29,3.22,scattered clouds
560,Kieta,PG,-6.2167,155.6333,83.53,63,93,2.13,overcast clouds
561,Inuvik,CA,68.3499,-133.7218,70.83,46,52,8.77,light rain
562,Kavieng,PG,-2.5744,150.7967,82.18,78,100,11.3,light rain
563,Abu Zabad,SD,12.35,29.25,71.42,79,70,5.84,broken clouds
564,Kattivakkam,IN,13.2167,80.3167,78.89,74,97,10.45,overcast clouds
565,Trincomalee,LK,8.5711,81.2335,78.84,86,80,15.21,broken clouds
566,Nalut,LY,30.3333,10.85,82.18,23,0,10.11,clear sky
567,Muscat,OM,23.6139,58.5922,88.75,73,14,6.11,few clouds
568,Codrington,AU,-38.2667,141.9667,48.58,83,84,11.77,broken clouds
569,Severnyy,RU,50.677,36.5532,57.24,100,0,6.71,clear sky
570,Stromness,GB,58.965,-3.296,46.36,83,100,5.82,overcast clouds
571,Cannes,FR,43.55,7.0167,80.6,73,0,3.44,clear sky
572,Imbituba,BR,-28.24,-48.6703,67.08,90,14,8.81,few clouds
573,Broken Hill,AU,-31.95,141.4333,49.28,80,66,12.44,broken clouds
574,Abha,SA,18.2164,42.5053,69.12,58,87,3.29,overcast clouds
575,Oriximina,BR,-1.7656,-55.8661,79.56,76,73,3.91,broken clouds
576,Ixtapa,MX,20.7,-105.2,90.23,75,29,5.01,scattered clouds
577,Harjavalta,FI,61.3167,22.1333,67.73,83,95,7.16,overcast clouds
578,Abu Kamal,SY,34.4506,40.9171,86.79,32,0,10.67,clear sky
579,Krasavino,RU,60.9614,46.4814,58.32,91,82,4.0,broken clouds
580,Cienfuegos,CU,22.1461,-80.4356,85.35,64,15,5.75,few clouds
581,High Rock,BS,26.6208,-78.2833,84.34,68,66,11.88,broken clouds
582,Sohag,EG,26.557,31.6948,85.33,26,0,15.26,clear sky
583,Davenport,US,41.5236,-90.5776,88.03,60,0,8.01,clear sky
584,Berlevag,NO,70.8578,29.0864,62.4,94,100,6.91,moderate rain
585,Bucerias,MX,20.75,-105.3333,90.99,75,11,6.87,few clouds
586,Nelson,NZ,-41.2833,173.2833,46.29,89,2,1.99,clear sky
587,Yeppoon,AU,-23.1333,150.7333,60.58,91,25,7.85,scattered clouds
588,Channel-Port Aux Basques,CA,47.5702,-59.1367,62.33,79,32,4.56,scattered clouds
589,Chiang Kham,TH,19.5233,100.3,71.91,96,100,1.7,overcast clouds
590,Simao,CN,22.7886,100.9748,64.24,98,100,2.13,overcast clouds
591,Piranhas,BR,-16.4269,-51.8222,74.19,35,5,1.88,clear sky
592,Westport,US,41.1415,-73.3579,90.93,78,57,8.99,broken clouds
593,Kulhudhuffushi,MV,6.6221,73.07,81.73,75,100,18.41,light rain
594,Umm Lajj,SA,25.0213,37.2685,85.91,58,8,8.59,clear sky
595,Kazuno,JP,40.1836,140.7872,71.62,88,100,4.0,overcast clouds
596,Brae,GB,60.3964,-1.353,50.02,86,41,8.52,scattered clouds
597,Maple Creek,CA,49.9168,-109.4848,85.96,22,2,13.53,clear sky
598,Coihaique,CL,-45.5752,-72.0662,20.21,98,63,3.65,broken clouds
599,Ayr,GB,55.4627,-4.6339,60.31,88,40,5.75,scattered clouds
600,Chulym,RU,55.0997,80.9572,57.92,97,30,11.65,scattered clouds
601,Maine-Soroa,NE,13.2114,12.0241,82.36,58,61,5.79,broken clouds
602,Zhigansk,RU,66.7697,123.3711,60.93,95,90,11.25,light rain
603,Mariental,NA,-24.6333,17.9667,56.68,32,0,12.8,clear sky
604,Altamira,BR,-3.2033,-52.2064,78.35,67,92,1.21,overcast clouds
605,Rio Grande,BR,-32.035,-52.0986,62.71,99,100,6.93,overcast clouds
606,Solnechnyy,RU,50.7214,136.6319,56.79,94,100,6.85,overcast clouds
607,Beni,CD,0.5,29.4667,64.47,89,99,2.04,overcast clouds
608,Deming,US,32.2687,-107.7586,96.19,20,87,13.49,overcast clouds
609,Hoquiam,US,46.9809,-123.8893,74.84,75,75,11.5,broken clouds
610,Kalmunai,LK,7.4167,81.8167,79.14,82,98,4.97,overcast clouds
611,Calbe,DE,51.9,11.7667,68.29,82,43,5.61,scattered clouds
612,Ilebo,CD,-4.3167,20.5833,73.0,61,11,2.28,few clouds
613,Kolno,PL,53.4115,21.9291,65.57,76,17,5.53,few clouds
614,Manta,EC,-0.95,-80.7333,70.41,82,100,10.2,overcast clouds
615,Gouyave,GD,12.1646,-61.7296,80.4,78,1,17.34,clear sky
616,Pemberton,CA,50.3164,-122.8027,86.23,34,66,6.4,broken clouds
617,Yarmouth,US,41.7057,-70.2286,80.65,91,100,19.57,mist
618,Necochea,AR,-38.5473,-58.7368,44.83,48,91,5.23,overcast clouds
619,Manbij,SY,36.5281,37.9549,76.96,52,0,11.1,clear sky
620,Bredy,RU,52.4153,60.3411,58.19,74,18,7.45,few clouds
621,Ust-Tsilma,RU,65.441,52.1498,50.38,75,31,4.94,scattered clouds
622,Vaasa,FI,63.096,21.6158,65.28,94,96,4.61,thunderstorm with heavy rain
623,Youkounkoun,GN,12.5333,-13.1333,74.03,98,100,4.99,heavy intensity rain
624,Novopskov,UA,49.5464,39.0899,56.07,96,44,6.73,scattered clouds
625,Hovd,MN,48.0056,91.6419,61.72,44,97,4.68,overcast clouds
626,Harlingen,US,26.1906,-97.6961,95.09,42,0,21.85,clear sky
627,Bom Jesus,BR,-9.0744,-44.3586,76.57,38,27,4.97,scattered clouds
628,Vyshhorod,UA,50.5848,30.4898,65.93,95,14,10.42,few clouds
629,Comodoro Rivadavia,AR,-45.8667,-67.5,39.06,35,0,12.66,clear sky
630,Alice Springs,AU,-23.7,133.8833,38.75,70,0,0.0,clear sky
631,Saint-Georges,GD,12.0564,-61.7485,80.47,79,2,14.81,clear sky
632,Puerto Lopez,CO,4.0845,-72.956,73.53,93,98,1.34,overcast clouds
633,Faya,SA,18.3851,42.4509,68.94,58,86,3.71,overcast clouds
634,Coahuayana,MX,18.7333,-103.6833,88.38,69,89,7.18,overcast clouds
635,Nizhniy Baskunchak,RU,48.2198,46.8311,69.87,59,35,4.36,scattered clouds
636,Lagoa,PT,39.05,-27.9833,71.74,89,96,4.27,overcast clouds
637,Novikovo,RU,51.1537,37.8879,54.5,96,94,7.56,overcast clouds
638,Tromso,NO,69.6496,18.957,51.82,87,100,0.0,overcast clouds
639,Waterloo,CA,43.4668,-80.5164,85.48,57,0,8.99,clear sky
640,Baherden,TM,38.4362,57.4316,87.66,26,0,9.06,clear sky
641,Mangan,IN,27.5167,88.5333,75.69,94,100,0.74,overcast clouds
642,Walkerton,US,41.4667,-86.4831,89.78,57,40,8.05,scattered clouds
643,Abu Dhabi,AE,24.4667,54.3667,96.91,54,0,4.61,clear sky
644,Yelnya,RU,54.5786,33.1837,54.21,96,5,8.75,clear sky
645,Touros,BR,-5.1989,-35.4608,75.34,84,100,8.5,overcast clouds
646,Trelew,AR,-43.249,-65.3051,44.69,49,100,11.36,overcast clouds
647,Itoman,JP,26.1247,127.6694,86.02,89,20,11.5,few clouds
648,Arys,KZ,42.4252,68.795,85.24,15,0,10.76,clear sky
649,Poltavka,RU,54.3663,71.7632,57.22,91,25,12.53,scattered clouds
650,Olafsvik,IS,64.8945,-23.7142,53.15,87,66,7.27,broken clouds
651,Dire Dawa,ET,9.5931,41.8661,71.73,60,41,18.45,scattered clouds
652,Rafraf,TN,37.1904,10.1837,75.51,70,0,6.13,clear sky
653,Marystown,CA,47.1666,-55.1483,64.85,100,52,8.01,broken clouds
654,Kingswood,GB,51.4528,-2.5083,67.91,77,20,2.3,few clouds
655,Vila Do Maio,CV,15.1333,-23.2167,75.51,84,100,9.44,overcast clouds
656,San-Pedro,CI,4.7485,-6.6363,74.8,75,100,5.19,overcast clouds
657,Maues,BR,-3.3836,-57.7186,78.64,74,34,0.36,scattered clouds
658,Yabrud,SY,33.9674,36.6574,66.88,46,0,3.47,clear sky
659,Terrace,CA,54.5163,-128.6035,75.11,40,20,12.66,few clouds
660,La Ronge,CA,55.1001,-105.2842,63.95,56,77,12.86,broken clouds
661,Pangody,RU,65.85,74.4859,44.22,84,100,7.45,overcast clouds
662,Linqiong,CN,30.4159,103.4609,71.38,96,100,4.43,light rain
663,Sept-Iles,CA,50.2001,-66.3821,68.52,69,100,14.97,heavy intensity rain
664,Hailar,CN,49.2,119.7,73.51,55,11,3.83,few clouds
665,Segou,ML,13.4317,-6.2157,80.94,68,73,8.14,broken clouds
666,Raudeberg,NO,61.9875,5.1352,52.47,79,66,10.67,broken clouds
667,Zhuhai,CN,22.2769,113.5678,84.85,94,20,1.14,few clouds
668,Quelimane,MZ,-17.8786,36.8883,66.49,89,0,3.76,clear sky
669,Pouebo,NC,-20.4,164.5667,77.81,76,90,12.3,overcast clouds
670,Camacha,PT,33.0833,-16.3333,67.42,68,75,16.11,broken clouds
671,Andenes,NO,69.3143,16.1194,53.58,87,100,5.75,overcast clouds
672,Weinan,CN,34.5036,109.5089,67.32,90,100,16.4,light rain
673,Dunstable,GB,51.886,-0.521,66.04,77,100,8.05,overcast clouds
674,Jizan,SA,17.3333,42.6667,90.05,57,45,4.18,scattered clouds
675,Barcelona,ES,41.3888,2.159,80.69,76,0,6.91,clear sky
676,Winnemucca,US,40.973,-117.7357,98.65,6,0,8.05,clear sky
677,Ambulu,ID,-8.345,113.6058,71.83,89,99,3.18,overcast clouds
678,Puri,IN,19.8,85.85,81.12,79,100,4.0,overcast clouds
679,Ngunguru,NZ,-35.6167,174.5,54.99,72,27,7.85,scattered clouds
680,Kassala,SD,15.451,36.4,79.81,67,91,12.37,overcast clouds
681,Kjopsvik,NO,68.097,16.3742,54.18,92,100,1.45,overcast clouds
682,Izhma,RU,65.0083,53.9113,53.69,65,70,5.61,broken clouds
683,Maanshan,CN,31.6957,118.4983,81.82,82,20,2.66,few clouds
684,Vodnyy,RU,63.5046,53.4095,60.57,72,75,4.32,broken clouds
685,Tahta,EG,26.7693,31.5021,84.83,27,0,13.13,clear sky
